# ************************************************************
# Sequel Ace SQL dump
# 版本号： 20031
#
# https://sequel-ace.com/
# https://github.com/Sequel-Ace/Sequel-Ace
#
# 主机: 127.0.0.1 (MySQL 5.6.16-log)
# 数据库: db1
# 生成时间: 2022-03-17 01:50:56 +0000
# ************************************************************


/*!40101 SET @OLD_CHARACTER_SET_CLIENT=@@CHARACTER_SET_CLIENT */;
/*!40101 SET @OLD_CHARACTER_SET_RESULTS=@@CHARACTER_SET_RESULTS */;
/*!40101 SET @OLD_COLLATION_CONNECTION=@@COLLATION_CONNECTION */;
SET NAMES utf8mb4;
/*!40014 SET @OLD_FOREIGN_KEY_CHECKS=@@FOREIGN_KEY_CHECKS, FOREIGN_KEY_CHECKS=0 */;
/*!40101 SET @OLD_SQL_MODE='NO_AUTO_VALUE_ON_ZERO', SQL_MODE='NO_AUTO_VALUE_ON_ZERO' */;
/*!40111 SET @OLD_SQL_NOTES=@@SQL_NOTES, SQL_NOTES=0 */;


# 转储表 t_news
# ------------------------------------------------------------

DROP TABLE IF EXISTS `t_news`;

CREATE TABLE `t_news` (
                          `id` varchar(32) NOT NULL,
                          `address` varchar(50) DEFAULT NULL,
                          `create_time` datetime DEFAULT NULL,
                          `description` varchar(100) DEFAULT NULL,
                          `news_time` datetime DEFAULT NULL,
                          `title` varchar(50) DEFAULT NULL,
                          PRIMARY KEY (`id`)
) ENGINE=InnoDB DEFAULT CHARSET=utf8mb4;

LOCK TABLES `t_news` WRITE;
/*!40000 ALTER TABLE `t_news` DISABLE KEYS */;

INSERT INTO `t_news` (`id`, `address`, `create_time`, `description`, `news_time`, `title`)
VALUES
    ('689047301959987200','db1_test_1','2022-03-17 09:47:59','db1_test_1','2022-03-17 09:47:59','db1_test_1'),
    ('689047302228422656','db1_test_2','2022-03-17 09:47:59','db1_test_2','2022-03-17 09:47:59','db1_test_2'),
    ('689047302245199872','db1_test_3','2022-03-17 09:47:59','db1_test_3','2022-03-17 09:47:59','db1_test_3'),
    ('689047302261977088','db1_test_4','2022-03-17 09:47:59','db1_test_4','2022-03-17 09:47:59','db1_test_4'),
    ('689047302278754304','db1_test_5','2022-03-17 09:47:59','db1_test_5','2022-03-17 09:47:59','db1_test_5'),
    ('689047302295531520','db1_test_6','2022-03-17 09:47:59','db1_test_6','2022-03-17 09:47:59','db1_test_6'),
    ('689047302308114432','db1_test_7','2022-03-17 09:47:59','db1_test_7','2022-03-17 09:47:59','db1_test_7'),
    ('689047302324891648','db1_test_8','2022-03-17 09:47:59','db1_test_8','2022-03-17 09:47:59','db1_test_8'),
    ('689047302345863168','db1_test_9','2022-03-17 09:47:59','db1_test_9','2022-03-17 09:47:59','db1_test_9'),
    ('689047302358446080','db1_test_10','2022-03-17 09:47:59','db1_test_10','2022-03-17 09:47:59','db1_test_10'),
    ('689047302375223296','db1_test_11','2022-03-17 09:47:59','db1_test_11','2022-03-17 09:47:59','db1_test_11'),
    ('689047302392000512','db1_test_12','2022-03-17 09:47:59','db1_test_12','2022-03-17 09:47:59','db1_test_12'),
    ('689047302417166336','db1_test_13','2022-03-17 09:47:59','db1_test_13','2022-03-17 09:47:59','db1_test_13'),
    ('689047302433943552','db1_test_14','2022-03-17 09:47:59','db1_test_14','2022-03-17 09:47:59','db1_test_14'),
    ('689047302446526464','db1_test_15','2022-03-17 09:47:59','db1_test_15','2022-03-17 09:47:59','db1_test_15'),
    ('689047302463303680','db1_test_16','2022-03-17 09:47:59','db1_test_16','2022-03-17 09:47:59','db1_test_16'),
    ('689047302496858112','db1_test_17','2022-03-17 09:47:59','db1_test_17','2022-03-17 09:47:59','db1_test_17'),
    ('689047302513635328','db1_test_18','2022-03-17 09:47:59','db1_test_18','2022-03-17 09:47:59','db1_test_18'),
    ('689047302530412544','db1_test_19','2022-03-17 09:47:59','db1_test_19','2022-03-17 09:47:59','db1_test_19'),
    ('689047302542995456','db1_test_20','2022-03-17 09:47:59','db1_test_20','2022-03-17 09:47:59','db1_test_20'),
    ('689047302559772672','db1_test_21','2022-03-17 09:47:59','db1_test_21','2022-03-17 09:47:59','db1_test_21'),
    ('689047302576549888','db1_test_22','2022-03-17 09:47:59','db1_test_22','2022-03-17 09:47:59','db1_test_22'),
    ('689047302597521408','db1_test_23','2022-03-17 09:47:59','db1_test_23','2022-03-17 09:47:59','db1_test_23'),
    ('689047302614298624','db1_test_24','2022-03-17 09:47:59','db1_test_24','2022-03-17 09:47:59','db1_test_24'),
    ('689047302631075840','db1_test_25','2022-03-17 09:47:59','db1_test_25','2022-03-17 09:47:59','db1_test_25'),
    ('689047302647853056','db1_test_26','2022-03-17 09:47:59','db1_test_26','2022-03-17 09:47:59','db1_test_26'),
    ('689047302673018880','db1_test_27','2022-03-17 09:47:59','db1_test_27','2022-03-17 09:47:59','db1_test_27'),
    ('689047302689796096','db1_test_28','2022-03-17 09:47:59','db1_test_28','2022-03-17 09:47:59','db1_test_28'),
    ('689047302702379008','db1_test_29','2022-03-17 09:47:59','db1_test_29','2022-03-17 09:47:59','db1_test_29'),
    ('689047302719156224','db1_test_30','2022-03-17 09:47:59','db1_test_30','2022-03-17 09:47:59','db1_test_30'),
    ('689047302735933440','db1_test_31','2022-03-17 09:47:59','db1_test_31','2022-03-17 09:47:59','db1_test_31'),
    ('689047302756904960','db1_test_32','2022-03-17 09:47:59','db1_test_32','2022-03-17 09:47:59','db1_test_32'),
    ('689047302773682176','db1_test_33','2022-03-17 09:47:59','db1_test_33','2022-03-17 09:47:59','db1_test_33'),
    ('689047302794653696','db1_test_34','2022-03-17 09:47:59','db1_test_34','2022-03-17 09:47:59','db1_test_34'),
    ('689047302815625216','db1_test_35','2022-03-17 09:47:59','db1_test_35','2022-03-17 09:47:59','db1_test_35'),
    ('689047302832402432','db1_test_36','2022-03-17 09:47:59','db1_test_36','2022-03-17 09:47:59','db1_test_36'),
    ('689047302849179648','db1_test_37','2022-03-17 09:47:59','db1_test_37','2022-03-17 09:47:59','db1_test_37'),
    ('689047302870151168','db1_test_38','2022-03-17 09:47:59','db1_test_38','2022-03-17 09:47:59','db1_test_38'),
    ('689047302895316992','db1_test_39','2022-03-17 09:47:59','db1_test_39','2022-03-17 09:47:59','db1_test_39'),
    ('689047302924677120','db1_test_40','2022-03-17 09:47:59','db1_test_40','2022-03-17 09:47:59','db1_test_40'),
    ('689047302949842944','db1_test_41','2022-03-17 09:47:59','db1_test_41','2022-03-17 09:47:59','db1_test_41'),
    ('689047302966620160','db1_test_42','2022-03-17 09:47:59','db1_test_42','2022-03-17 09:47:59','db1_test_42'),
    ('689047302991785984','db1_test_43','2022-03-17 09:47:59','db1_test_43','2022-03-17 09:47:59','db1_test_43'),
    ('689047303008563200','db1_test_44','2022-03-17 09:47:59','db1_test_44','2022-03-17 09:47:59','db1_test_44'),
    ('689047303025340416','db1_test_45','2022-03-17 09:47:59','db1_test_45','2022-03-17 09:47:59','db1_test_45'),
    ('689047303050506240','db1_test_46','2022-03-17 09:47:59','db1_test_46','2022-03-17 09:47:59','db1_test_46'),
    ('689047303071477760','db1_test_47','2022-03-17 09:47:59','db1_test_47','2022-03-17 09:47:59','db1_test_47'),
    ('689047303096643584','db1_test_48','2022-03-17 09:47:59','db1_test_48','2022-03-17 09:47:59','db1_test_48'),
    ('689047303117615104','db1_test_49','2022-03-17 09:47:59','db1_test_49','2022-03-17 09:47:59','db1_test_49'),
    ('689047303146975232','db1_test_50','2022-03-17 09:47:59','db1_test_50','2022-03-17 09:47:59','db1_test_50'),
    ('689047303167946752','db1_test_51','2022-03-17 09:47:59','db1_test_51','2022-03-17 09:47:59','db1_test_51'),
    ('689047303188918272','db1_test_52','2022-03-17 09:47:59','db1_test_52','2022-03-17 09:47:59','db1_test_52'),
    ('689047303214084096','db1_test_53','2022-03-17 09:47:59','db1_test_53','2022-03-17 09:47:59','db1_test_53'),
    ('689047303235055616','db1_test_54','2022-03-17 09:47:59','db1_test_54','2022-03-17 09:47:59','db1_test_54'),
    ('689047303256027136','db1_test_55','2022-03-17 09:47:59','db1_test_55','2022-03-17 09:47:59','db1_test_55'),
    ('689047303281192960','db1_test_56','2022-03-17 09:47:59','db1_test_56','2022-03-17 09:47:59','db1_test_56'),
    ('689047303310553088','db1_test_57','2022-03-17 09:47:59','db1_test_57','2022-03-17 09:47:59','db1_test_57'),
    ('689047303331524608','db1_test_58','2022-03-17 09:47:59','db1_test_58','2022-03-17 09:47:59','db1_test_58'),
    ('689047303356690432','db1_test_59','2022-03-17 09:47:59','db1_test_59','2022-03-17 09:47:59','db1_test_59'),
    ('689047303381856256','db1_test_60','2022-03-17 09:47:59','db1_test_60','2022-03-17 09:47:59','db1_test_60'),
    ('689047303402827776','db1_test_61','2022-03-17 09:47:59','db1_test_61','2022-03-17 09:47:59','db1_test_61'),
    ('689047303419604992','db1_test_62','2022-03-17 09:47:59','db1_test_62','2022-03-17 09:47:59','db1_test_62'),
    ('689047303432187904','db1_test_63','2022-03-17 09:47:59','db1_test_63','2022-03-17 09:47:59','db1_test_63'),
    ('689047303448965120','db1_test_64','2022-03-17 09:47:59','db1_test_64','2022-03-17 09:47:59','db1_test_64'),
    ('689047303461548032','db1_test_65','2022-03-17 09:47:59','db1_test_65','2022-03-17 09:47:59','db1_test_65'),
    ('689047303474130944','db1_test_66','2022-03-17 09:47:59','db1_test_66','2022-03-17 09:47:59','db1_test_66'),
    ('689047303490908160','db1_test_67','2022-03-17 09:47:59','db1_test_67','2022-03-17 09:47:59','db1_test_67'),
    ('689047303499296768','db1_test_68','2022-03-17 09:47:59','db1_test_68','2022-03-17 09:47:59','db1_test_68'),
    ('689047303516073984','db1_test_69','2022-03-17 09:47:59','db1_test_69','2022-03-17 09:47:59','db1_test_69'),
    ('689047303528656896','db1_test_70','2022-03-17 09:47:59','db1_test_70','2022-03-17 09:47:59','db1_test_70'),
    ('689047303541239808','db1_test_71','2022-03-17 09:47:59','db1_test_71','2022-03-17 09:47:59','db1_test_71'),
    ('689047303553822720','db1_test_72','2022-03-17 09:47:59','db1_test_72','2022-03-17 09:47:59','db1_test_72'),
    ('689047303570599936','db1_test_73','2022-03-17 09:47:59','db1_test_73','2022-03-17 09:47:59','db1_test_73'),
    ('689047303587377152','db1_test_74','2022-03-17 09:47:59','db1_test_74','2022-03-17 09:47:59','db1_test_74'),
    ('689047303599960064','db1_test_75','2022-03-17 09:47:59','db1_test_75','2022-03-17 09:47:59','db1_test_75'),
    ('689047303620931584','db1_test_76','2022-03-17 09:47:59','db1_test_76','2022-03-17 09:47:59','db1_test_76'),
    ('689047303637708800','db1_test_77','2022-03-17 09:47:59','db1_test_77','2022-03-17 09:47:59','db1_test_77'),
    ('689047303658680320','db1_test_78','2022-03-17 09:47:59','db1_test_78','2022-03-17 09:47:59','db1_test_78'),
    ('689047303679651840','db1_test_79','2022-03-17 09:47:59','db1_test_79','2022-03-17 09:47:59','db1_test_79'),
    ('689047303704817664','db1_test_80','2022-03-17 09:47:59','db1_test_80','2022-03-17 09:47:59','db1_test_80'),
    ('689047303738372096','db1_test_81','2022-03-17 09:47:59','db1_test_81','2022-03-17 09:47:59','db1_test_81'),
    ('689047303767732224','db1_test_82','2022-03-17 09:47:59','db1_test_82','2022-03-17 09:47:59','db1_test_82'),
    ('689047303797092352','db1_test_83','2022-03-17 09:47:59','db1_test_83','2022-03-17 09:47:59','db1_test_83'),
    ('689047303813869568','db1_test_84','2022-03-17 09:47:59','db1_test_84','2022-03-17 09:47:59','db1_test_84'),
    ('689047303839035392','db1_test_85','2022-03-17 09:47:59','db1_test_85','2022-03-17 09:47:59','db1_test_85'),
    ('689047303860006912','db1_test_86','2022-03-17 09:47:59','db1_test_86','2022-03-17 09:47:59','db1_test_86'),
    ('689047303880978432','db1_test_87','2022-03-17 09:47:59','db1_test_87','2022-03-17 09:47:59','db1_test_87'),
    ('689047303906144256','db1_test_88','2022-03-17 09:47:59','db1_test_88','2022-03-17 09:47:59','db1_test_88'),
    ('689047303935504384','db1_test_89','2022-03-17 09:47:59','db1_test_89','2022-03-17 09:47:59','db1_test_89'),
    ('689047303956475904','db1_test_90','2022-03-17 09:47:59','db1_test_90','2022-03-17 09:47:59','db1_test_90'),
    ('689047303981641728','db1_test_91','2022-03-17 09:47:59','db1_test_91','2022-03-17 09:47:59','db1_test_91'),
    ('689047304011001856','db1_test_92','2022-03-17 09:47:59','db1_test_92','2022-03-17 09:47:59','db1_test_92'),
    ('689047304036167680','db1_test_93','2022-03-17 09:47:59','db1_test_93','2022-03-17 09:47:59','db1_test_93'),
    ('689047304057139200','db1_test_94','2022-03-17 09:47:59','db1_test_94','2022-03-17 09:47:59','db1_test_94'),
    ('689047304082305024','db1_test_95','2022-03-17 09:47:59','db1_test_95','2022-03-17 09:47:59','db1_test_95'),
    ('689047304103276544','db1_test_96','2022-03-17 09:47:59','db1_test_96','2022-03-17 09:47:59','db1_test_96'),
    ('689047304132636672','db1_test_97','2022-03-17 09:47:59','db1_test_97','2022-03-17 09:47:59','db1_test_97'),
    ('689047304157802496','db1_test_98','2022-03-17 09:47:59','db1_test_98','2022-03-17 09:47:59','db1_test_98'),
    ('689047304178774016','db1_test_99','2022-03-17 09:47:59','db1_test_99','2022-03-17 09:47:59','db1_test_99'),
    ('689047304191356928','db1_test_100','2022-03-17 09:47:59','db1_test_100','2022-03-17 09:47:59','db1_test_100'),
    ('689047304203939840','db1_test_101','2022-03-17 09:47:59','db1_test_101','2022-03-17 09:47:59','db1_test_101'),
    ('689047304220717056','db1_test_102','2022-03-17 09:47:59','db1_test_102','2022-03-17 09:47:59','db1_test_102'),
    ('689047304233299968','db1_test_103','2022-03-17 09:47:59','db1_test_103','2022-03-17 09:47:59','db1_test_103'),
    ('689047304245882880','db1_test_104','2022-03-17 09:47:59','db1_test_104','2022-03-17 09:47:59','db1_test_104'),
    ('689047304258465792','db1_test_105','2022-03-17 09:47:59','db1_test_105','2022-03-17 09:47:59','db1_test_105'),
    ('689047304271048704','db1_test_106','2022-03-17 09:47:59','db1_test_106','2022-03-17 09:47:59','db1_test_106'),
    ('689047304283631616','db1_test_107','2022-03-17 09:47:59','db1_test_107','2022-03-17 09:47:59','db1_test_107'),
    ('689047304296214528','db1_test_108','2022-03-17 09:47:59','db1_test_108','2022-03-17 09:47:59','db1_test_108'),
    ('689047304308797440','db1_test_109','2022-03-17 09:47:59','db1_test_109','2022-03-17 09:47:59','db1_test_109'),
    ('689047304325574656','db1_test_110','2022-03-17 09:47:59','db1_test_110','2022-03-17 09:47:59','db1_test_110'),
    ('689047304338157568','db1_test_111','2022-03-17 09:47:59','db1_test_111','2022-03-17 09:47:59','db1_test_111'),
    ('689047304354934784','db1_test_112','2022-03-17 09:47:59','db1_test_112','2022-03-17 09:47:59','db1_test_112'),
    ('689047304367517696','db1_test_113','2022-03-17 09:47:59','db1_test_113','2022-03-17 09:47:59','db1_test_113'),
    ('689047304375906304','db1_test_114','2022-03-17 09:47:59','db1_test_114','2022-03-17 09:47:59','db1_test_114'),
    ('689047304388489216','db1_test_115','2022-03-17 09:47:59','db1_test_115','2022-03-17 09:47:59','db1_test_115'),
    ('689047304405266432','db1_test_116','2022-03-17 09:47:59','db1_test_116','2022-03-17 09:47:59','db1_test_116'),
    ('689047304417849344','db1_test_117','2022-03-17 09:47:59','db1_test_117','2022-03-17 09:47:59','db1_test_117'),
    ('689047304430432256','db1_test_118','2022-03-17 09:47:59','db1_test_118','2022-03-17 09:47:59','db1_test_118'),
    ('689047304455598080','db1_test_119','2022-03-17 09:47:59','db1_test_119','2022-03-17 09:47:59','db1_test_119'),
    ('689047304476569600','db1_test_120','2022-03-17 09:47:59','db1_test_120','2022-03-17 09:47:59','db1_test_120'),
    ('689047304505929728','db1_test_121','2022-03-17 09:47:59','db1_test_121','2022-03-17 09:47:59','db1_test_121'),
    ('689047304531095552','db1_test_122','2022-03-17 09:47:59','db1_test_122','2022-03-17 09:47:59','db1_test_122'),
    ('689047304556261376','db1_test_123','2022-03-17 09:47:59','db1_test_123','2022-03-17 09:47:59','db1_test_123'),
    ('689047304589815808','db1_test_124','2022-03-17 09:47:59','db1_test_124','2022-03-17 09:47:59','db1_test_124'),
    ('689047304619175936','db1_test_125','2022-03-17 09:47:59','db1_test_125','2022-03-17 09:47:59','db1_test_125'),
    ('689047304652730368','db1_test_126','2022-03-17 09:47:59','db1_test_126','2022-03-17 09:47:59','db1_test_126'),
    ('689047304669507584','db1_test_127','2022-03-17 09:47:59','db1_test_127','2022-03-17 09:47:59','db1_test_127'),
    ('689047304694673408','db1_test_128','2022-03-17 09:47:59','db1_test_128','2022-03-17 09:47:59','db1_test_128'),
    ('689047304719839232','db1_test_129','2022-03-17 09:47:59','db1_test_129','2022-03-17 09:47:59','db1_test_129'),
    ('689047304749199360','db1_test_130','2022-03-17 09:47:59','db1_test_130','2022-03-17 09:47:59','db1_test_130'),
    ('689047304761782272','db1_test_131','2022-03-17 09:47:59','db1_test_131','2022-03-17 09:47:59','db1_test_131'),
    ('689047304782753792','db1_test_132','2022-03-17 09:47:59','db1_test_132','2022-03-17 09:47:59','db1_test_132'),
    ('689047304803725312','db1_test_133','2022-03-17 09:47:59','db1_test_133','2022-03-17 09:47:59','db1_test_133'),
    ('689047304820502528','db1_test_134','2022-03-17 09:47:59','db1_test_134','2022-03-17 09:47:59','db1_test_134'),
    ('689047304849862656','db1_test_135','2022-03-17 09:47:59','db1_test_135','2022-03-17 09:47:59','db1_test_135'),
    ('689047304875028480','db1_test_136','2022-03-17 09:47:59','db1_test_136','2022-03-17 09:47:59','db1_test_136'),
    ('689047304891805696','db1_test_137','2022-03-17 09:47:59','db1_test_137','2022-03-17 09:47:59','db1_test_137'),
    ('689047304921165824','db1_test_138','2022-03-17 09:47:59','db1_test_138','2022-03-17 09:47:59','db1_test_138'),
    ('689047304942137344','db1_test_139','2022-03-17 09:47:59','db1_test_139','2022-03-17 09:47:59','db1_test_139'),
    ('689047304971497472','db1_test_140','2022-03-17 09:47:59','db1_test_140','2022-03-17 09:47:59','db1_test_140'),
    ('689047304984080384','db1_test_141','2022-03-17 09:47:59','db1_test_141','2022-03-17 09:47:59','db1_test_141'),
    ('689047305009246208','db1_test_142','2022-03-17 09:47:59','db1_test_142','2022-03-17 09:47:59','db1_test_142'),
    ('689047305030217728','db1_test_143','2022-03-17 09:47:59','db1_test_143','2022-03-17 09:47:59','db1_test_143'),
    ('689047305042800640','db1_test_144','2022-03-17 09:47:59','db1_test_144','2022-03-17 09:47:59','db1_test_144'),
    ('689047305059577856','db1_test_145','2022-03-17 09:47:59','db1_test_145','2022-03-17 09:47:59','db1_test_145'),
    ('689047305080549376','db1_test_146','2022-03-17 09:47:59','db1_test_146','2022-03-17 09:47:59','db1_test_146'),
    ('689047305093132288','db1_test_147','2022-03-17 09:47:59','db1_test_147','2022-03-17 09:47:59','db1_test_147'),
    ('689047305105715200','db1_test_148','2022-03-17 09:47:59','db1_test_148','2022-03-17 09:47:59','db1_test_148'),
    ('689047305122492416','db1_test_149','2022-03-17 09:47:59','db1_test_149','2022-03-17 09:47:59','db1_test_149'),
    ('689047305135075328','db1_test_150','2022-03-17 09:47:59','db1_test_150','2022-03-17 09:47:59','db1_test_150'),
    ('689047305147658240','db1_test_151','2022-03-17 09:47:59','db1_test_151','2022-03-17 09:47:59','db1_test_151'),
    ('689047305160241152','db1_test_152','2022-03-17 09:47:59','db1_test_152','2022-03-17 09:47:59','db1_test_152'),
    ('689047305172824064','db1_test_153','2022-03-17 09:47:59','db1_test_153','2022-03-17 09:47:59','db1_test_153'),
    ('689047305189601280','db1_test_154','2022-03-17 09:47:59','db1_test_154','2022-03-17 09:47:59','db1_test_154'),
    ('689047305206378496','db1_test_155','2022-03-17 09:47:59','db1_test_155','2022-03-17 09:47:59','db1_test_155'),
    ('689047305218961408','db1_test_156','2022-03-17 09:47:59','db1_test_156','2022-03-17 09:47:59','db1_test_156'),
    ('689047305231544320','db1_test_157','2022-03-17 09:47:59','db1_test_157','2022-03-17 09:47:59','db1_test_157'),
    ('689047305244127232','db1_test_158','2022-03-17 09:47:59','db1_test_158','2022-03-17 09:47:59','db1_test_158'),
    ('689047305256710144','db1_test_159','2022-03-17 09:47:59','db1_test_159','2022-03-17 09:47:59','db1_test_159'),
    ('689047305281875968','db1_test_160','2022-03-17 09:47:59','db1_test_160','2022-03-17 09:47:59','db1_test_160'),
    ('689047305298653184','db1_test_161','2022-03-17 09:47:59','db1_test_161','2022-03-17 09:47:59','db1_test_161'),
    ('689047305319624704','db1_test_162','2022-03-17 09:47:59','db1_test_162','2022-03-17 09:47:59','db1_test_162'),
    ('689047305348984832','db1_test_163','2022-03-17 09:47:59','db1_test_163','2022-03-17 09:47:59','db1_test_163'),
    ('689047305378344960','db1_test_164','2022-03-17 09:47:59','db1_test_164','2022-03-17 09:47:59','db1_test_164'),
    ('689047305395122176','db1_test_165','2022-03-17 09:47:59','db1_test_165','2022-03-17 09:47:59','db1_test_165'),
    ('689047305428676608','db1_test_166','2022-03-17 09:47:59','db1_test_166','2022-03-17 09:47:59','db1_test_166'),
    ('689047305458036736','db1_test_167','2022-03-17 09:48:00','db1_test_167','2022-03-17 09:48:00','db1_test_167'),
    ('689047305487396864','db1_test_168','2022-03-17 09:48:00','db1_test_168','2022-03-17 09:48:00','db1_test_168'),
    ('689047305512562688','db1_test_169','2022-03-17 09:48:00','db1_test_169','2022-03-17 09:48:00','db1_test_169'),
    ('689047305533534208','db1_test_170','2022-03-17 09:48:00','db1_test_170','2022-03-17 09:48:00','db1_test_170'),
    ('689047305554505728','db1_test_171','2022-03-17 09:48:00','db1_test_171','2022-03-17 09:48:00','db1_test_171'),
    ('689047305575477248','db1_test_172','2022-03-17 09:48:00','db1_test_172','2022-03-17 09:48:00','db1_test_172'),
    ('689047305600643072','db1_test_173','2022-03-17 09:48:00','db1_test_173','2022-03-17 09:48:00','db1_test_173'),
    ('689047305630003200','db1_test_174','2022-03-17 09:48:00','db1_test_174','2022-03-17 09:48:00','db1_test_174'),
    ('689047305659363328','db1_test_175','2022-03-17 09:48:00','db1_test_175','2022-03-17 09:48:00','db1_test_175'),
    ('689047305680334848','db1_test_176','2022-03-17 09:48:00','db1_test_176','2022-03-17 09:48:00','db1_test_176'),
    ('689047305709694976','db1_test_177','2022-03-17 09:48:00','db1_test_177','2022-03-17 09:48:00','db1_test_177'),
    ('689047305734860800','db1_test_178','2022-03-17 09:48:00','db1_test_178','2022-03-17 09:48:00','db1_test_178'),
    ('689047305764220928','db1_test_179','2022-03-17 09:48:00','db1_test_179','2022-03-17 09:48:00','db1_test_179'),
    ('689047305785192448','db1_test_180','2022-03-17 09:48:00','db1_test_180','2022-03-17 09:48:00','db1_test_180'),
    ('689047305810358272','db1_test_181','2022-03-17 09:48:00','db1_test_181','2022-03-17 09:48:00','db1_test_181'),
    ('689047305835524096','db1_test_182','2022-03-17 09:48:00','db1_test_182','2022-03-17 09:48:00','db1_test_182'),
    ('689047305856495616','db1_test_183','2022-03-17 09:48:00','db1_test_183','2022-03-17 09:48:00','db1_test_183'),
    ('689047305873272832','db1_test_184','2022-03-17 09:48:00','db1_test_184','2022-03-17 09:48:00','db1_test_184'),
    ('689047305885855744','db1_test_185','2022-03-17 09:48:00','db1_test_185','2022-03-17 09:48:00','db1_test_185'),
    ('689047305902632960','db1_test_186','2022-03-17 09:48:00','db1_test_186','2022-03-17 09:48:00','db1_test_186'),
    ('689047305915215872','db1_test_187','2022-03-17 09:48:00','db1_test_187','2022-03-17 09:48:00','db1_test_187'),
    ('689047305927798784','db1_test_188','2022-03-17 09:48:00','db1_test_188','2022-03-17 09:48:00','db1_test_188'),
    ('689047305940381696','db1_test_189','2022-03-17 09:48:00','db1_test_189','2022-03-17 09:48:00','db1_test_189'),
    ('689047305952964608','db1_test_190','2022-03-17 09:48:00','db1_test_190','2022-03-17 09:48:00','db1_test_190'),
    ('689047305965547520','db1_test_191','2022-03-17 09:48:00','db1_test_191','2022-03-17 09:48:00','db1_test_191'),
    ('689047305978130432','db1_test_192','2022-03-17 09:48:00','db1_test_192','2022-03-17 09:48:00','db1_test_192'),
    ('689047305994907648','db1_test_193','2022-03-17 09:48:00','db1_test_193','2022-03-17 09:48:00','db1_test_193'),
    ('689047306007490560','db1_test_194','2022-03-17 09:48:00','db1_test_194','2022-03-17 09:48:00','db1_test_194'),
    ('689047306024267776','db1_test_195','2022-03-17 09:48:00','db1_test_195','2022-03-17 09:48:00','db1_test_195'),
    ('689047306036850688','db1_test_196','2022-03-17 09:48:00','db1_test_196','2022-03-17 09:48:00','db1_test_196'),
    ('689047306049433600','db1_test_197','2022-03-17 09:48:00','db1_test_197','2022-03-17 09:48:00','db1_test_197'),
    ('689047306062016512','db1_test_198','2022-03-17 09:48:00','db1_test_198','2022-03-17 09:48:00','db1_test_198'),
    ('689047306074599424','db1_test_199','2022-03-17 09:48:00','db1_test_199','2022-03-17 09:48:00','db1_test_199'),
    ('689047306091376640','db1_test_200','2022-03-17 09:48:00','db1_test_200','2022-03-17 09:48:00','db1_test_200'),
    ('689047306103959552','db1_test_201','2022-03-17 09:48:00','db1_test_201','2022-03-17 09:48:00','db1_test_201'),
    ('689047306116542464','db1_test_202','2022-03-17 09:48:00','db1_test_202','2022-03-17 09:48:00','db1_test_202'),
    ('689047306129125376','db1_test_203','2022-03-17 09:48:00','db1_test_203','2022-03-17 09:48:00','db1_test_203'),
    ('689047306158485504','db1_test_204','2022-03-17 09:48:00','db1_test_204','2022-03-17 09:48:00','db1_test_204'),
    ('689047306183651328','db1_test_205','2022-03-17 09:48:00','db1_test_205','2022-03-17 09:48:00','db1_test_205'),
    ('689047306208817152','db1_test_206','2022-03-17 09:48:00','db1_test_206','2022-03-17 09:48:00','db1_test_206'),
    ('689047306242371584','db1_test_207','2022-03-17 09:48:00','db1_test_207','2022-03-17 09:48:00','db1_test_207'),
    ('689047306275926016','db1_test_208','2022-03-17 09:48:00','db1_test_208','2022-03-17 09:48:00','db1_test_208'),
    ('689047306301091840','db1_test_209','2022-03-17 09:48:00','db1_test_209','2022-03-17 09:48:00','db1_test_209'),
    ('689047306326257664','db1_test_210','2022-03-17 09:48:00','db1_test_210','2022-03-17 09:48:00','db1_test_210'),
    ('689047306351423488','db1_test_211','2022-03-17 09:48:00','db1_test_211','2022-03-17 09:48:00','db1_test_211'),
    ('689047306376589312','db1_test_212','2022-03-17 09:48:00','db1_test_212','2022-03-17 09:48:00','db1_test_212'),
    ('689047306405949440','db1_test_213','2022-03-17 09:48:00','db1_test_213','2022-03-17 09:48:00','db1_test_213'),
    ('689047306426920960','db1_test_214','2022-03-17 09:48:00','db1_test_214','2022-03-17 09:48:00','db1_test_214'),
    ('689047306460475392','db1_test_215','2022-03-17 09:48:00','db1_test_215','2022-03-17 09:48:00','db1_test_215'),
    ('689047306494029824','db1_test_216','2022-03-17 09:48:00','db1_test_216','2022-03-17 09:48:00','db1_test_216'),
    ('689047306523389952','db1_test_217','2022-03-17 09:48:00','db1_test_217','2022-03-17 09:48:00','db1_test_217'),
    ('689047306544361472','db1_test_218','2022-03-17 09:48:00','db1_test_218','2022-03-17 09:48:00','db1_test_218'),
    ('689047306577915904','db1_test_219','2022-03-17 09:48:00','db1_test_219','2022-03-17 09:48:00','db1_test_219'),
    ('689047306594693120','db1_test_220','2022-03-17 09:48:00','db1_test_220','2022-03-17 09:48:00','db1_test_220'),
    ('689047306619858944','db1_test_221','2022-03-17 09:48:00','db1_test_221','2022-03-17 09:48:00','db1_test_221'),
    ('689047306645024768','db1_test_222','2022-03-17 09:48:00','db1_test_222','2022-03-17 09:48:00','db1_test_222'),
    ('689047306665996288','db1_test_223','2022-03-17 09:48:00','db1_test_223','2022-03-17 09:48:00','db1_test_223'),
    ('689047306699550720','db1_test_224','2022-03-17 09:48:00','db1_test_224','2022-03-17 09:48:00','db1_test_224'),
    ('689047306728910848','db1_test_225','2022-03-17 09:48:00','db1_test_225','2022-03-17 09:48:00','db1_test_225'),
    ('689047306749882368','db1_test_226','2022-03-17 09:48:00','db1_test_226','2022-03-17 09:48:00','db1_test_226'),
    ('689047306766659584','db1_test_227','2022-03-17 09:48:00','db1_test_227','2022-03-17 09:48:00','db1_test_227'),
    ('689047306787631104','db1_test_228','2022-03-17 09:48:00','db1_test_228','2022-03-17 09:48:00','db1_test_228'),
    ('689047306800214016','db1_test_229','2022-03-17 09:48:00','db1_test_229','2022-03-17 09:48:00','db1_test_229'),
    ('689047306808602624','db1_test_230','2022-03-17 09:48:00','db1_test_230','2022-03-17 09:48:00','db1_test_230'),
    ('689047306821185536','db1_test_231','2022-03-17 09:48:00','db1_test_231','2022-03-17 09:48:00','db1_test_231'),
    ('689047306833768448','db1_test_232','2022-03-17 09:48:00','db1_test_232','2022-03-17 09:48:00','db1_test_232'),
    ('689047306842157056','db1_test_233','2022-03-17 09:48:00','db1_test_233','2022-03-17 09:48:00','db1_test_233'),
    ('689047306854739968','db1_test_234','2022-03-17 09:48:00','db1_test_234','2022-03-17 09:48:00','db1_test_234'),
    ('689047306867322880','db1_test_235','2022-03-17 09:48:00','db1_test_235','2022-03-17 09:48:00','db1_test_235'),
    ('689047306879905792','db1_test_236','2022-03-17 09:48:00','db1_test_236','2022-03-17 09:48:00','db1_test_236'),
    ('689047306892488704','db1_test_237','2022-03-17 09:48:00','db1_test_237','2022-03-17 09:48:00','db1_test_237'),
    ('689047306905071616','db1_test_238','2022-03-17 09:48:00','db1_test_238','2022-03-17 09:48:00','db1_test_238'),
    ('689047306917654528','db1_test_239','2022-03-17 09:48:00','db1_test_239','2022-03-17 09:48:00','db1_test_239'),
    ('689047306926043136','db1_test_240','2022-03-17 09:48:00','db1_test_240','2022-03-17 09:48:00','db1_test_240'),
    ('689047306942820352','db1_test_241','2022-03-17 09:48:00','db1_test_241','2022-03-17 09:48:00','db1_test_241'),
    ('689047306951208960','db1_test_242','2022-03-17 09:48:00','db1_test_242','2022-03-17 09:48:00','db1_test_242'),
    ('689047306967986176','db1_test_243','2022-03-17 09:48:00','db1_test_243','2022-03-17 09:48:00','db1_test_243'),
    ('689047306980569088','db1_test_244','2022-03-17 09:48:00','db1_test_244','2022-03-17 09:48:00','db1_test_244'),
    ('689047306997346304','db1_test_245','2022-03-17 09:48:00','db1_test_245','2022-03-17 09:48:00','db1_test_245'),
    ('689047307030900736','db1_test_246','2022-03-17 09:48:00','db1_test_246','2022-03-17 09:48:00','db1_test_246'),
    ('689047307047677952','db1_test_247','2022-03-17 09:48:00','db1_test_247','2022-03-17 09:48:00','db1_test_247'),
    ('689047307077038080','db1_test_248','2022-03-17 09:48:00','db1_test_248','2022-03-17 09:48:00','db1_test_248'),
    ('689047307102203904','db1_test_249','2022-03-17 09:48:00','db1_test_249','2022-03-17 09:48:00','db1_test_249'),
    ('689047307139952640','db1_test_250','2022-03-17 09:48:00','db1_test_250','2022-03-17 09:48:00','db1_test_250'),
    ('689047307177701376','db1_test_251','2022-03-17 09:48:00','db1_test_251','2022-03-17 09:48:00','db1_test_251'),
    ('689047307215450112','db1_test_252','2022-03-17 09:48:00','db1_test_252','2022-03-17 09:48:00','db1_test_252'),
    ('689047307249004544','db1_test_253','2022-03-17 09:48:00','db1_test_253','2022-03-17 09:48:00','db1_test_253'),
    ('689047307282558976','db1_test_254','2022-03-17 09:48:00','db1_test_254','2022-03-17 09:48:00','db1_test_254'),
    ('689047307324502016','db1_test_255','2022-03-17 09:48:00','db1_test_255','2022-03-17 09:48:00','db1_test_255'),
    ('689047307349667840','db1_test_256','2022-03-17 09:48:00','db1_test_256','2022-03-17 09:48:00','db1_test_256'),
    ('689047307387416576','db1_test_257','2022-03-17 09:48:00','db1_test_257','2022-03-17 09:48:00','db1_test_257'),
    ('689047307416776704','db1_test_258','2022-03-17 09:48:00','db1_test_258','2022-03-17 09:48:00','db1_test_258'),
    ('689047307446136832','db1_test_259','2022-03-17 09:48:00','db1_test_259','2022-03-17 09:48:00','db1_test_259'),
    ('689047307483885568','db1_test_260','2022-03-17 09:48:00','db1_test_260','2022-03-17 09:48:00','db1_test_260'),
    ('689047307513245696','db1_test_261','2022-03-17 09:48:00','db1_test_261','2022-03-17 09:48:00','db1_test_261'),
    ('689047307538411520','db1_test_262','2022-03-17 09:48:00','db1_test_262','2022-03-17 09:48:00','db1_test_262'),
    ('689047307567771648','db1_test_263','2022-03-17 09:48:00','db1_test_263','2022-03-17 09:48:00','db1_test_263'),
    ('689047307588743168','db1_test_264','2022-03-17 09:48:00','db1_test_264','2022-03-17 09:48:00','db1_test_264'),
    ('689047307605520384','db1_test_265','2022-03-17 09:48:00','db1_test_265','2022-03-17 09:48:00','db1_test_265'),
    ('689047307622297600','db1_test_266','2022-03-17 09:48:00','db1_test_266','2022-03-17 09:48:00','db1_test_266'),
    ('689047307634880512','db1_test_267','2022-03-17 09:48:00','db1_test_267','2022-03-17 09:48:00','db1_test_267'),
    ('689047307647463424','db1_test_268','2022-03-17 09:48:00','db1_test_268','2022-03-17 09:48:00','db1_test_268'),
    ('689047307668434944','db1_test_269','2022-03-17 09:48:00','db1_test_269','2022-03-17 09:48:00','db1_test_269'),
    ('689047307685212160','db1_test_270','2022-03-17 09:48:00','db1_test_270','2022-03-17 09:48:00','db1_test_270'),
    ('689047307697795072','db1_test_271','2022-03-17 09:48:00','db1_test_271','2022-03-17 09:48:00','db1_test_271'),
    ('689047307714572288','db1_test_272','2022-03-17 09:48:00','db1_test_272','2022-03-17 09:48:00','db1_test_272'),
    ('689047307727155200','db1_test_273','2022-03-17 09:48:00','db1_test_273','2022-03-17 09:48:00','db1_test_273'),
    ('689047307739738112','db1_test_274','2022-03-17 09:48:00','db1_test_274','2022-03-17 09:48:00','db1_test_274'),
    ('689047307752321024','db1_test_275','2022-03-17 09:48:00','db1_test_275','2022-03-17 09:48:00','db1_test_275'),
    ('689047307760709632','db1_test_276','2022-03-17 09:48:00','db1_test_276','2022-03-17 09:48:00','db1_test_276'),
    ('689047307773292544','db1_test_277','2022-03-17 09:48:00','db1_test_277','2022-03-17 09:48:00','db1_test_277'),
    ('689047307785875456','db1_test_278','2022-03-17 09:48:00','db1_test_278','2022-03-17 09:48:00','db1_test_278'),
    ('689047307798458368','db1_test_279','2022-03-17 09:48:00','db1_test_279','2022-03-17 09:48:00','db1_test_279'),
    ('689047307811041280','db1_test_280','2022-03-17 09:48:00','db1_test_280','2022-03-17 09:48:00','db1_test_280'),
    ('689047307823624192','db1_test_281','2022-03-17 09:48:00','db1_test_281','2022-03-17 09:48:00','db1_test_281'),
    ('689047307840401408','db1_test_282','2022-03-17 09:48:00','db1_test_282','2022-03-17 09:48:00','db1_test_282'),
    ('689047307865567232','db1_test_283','2022-03-17 09:48:00','db1_test_283','2022-03-17 09:48:00','db1_test_283'),
    ('689047307894927360','db1_test_284','2022-03-17 09:48:00','db1_test_284','2022-03-17 09:48:00','db1_test_284'),
    ('689047307920093184','db1_test_285','2022-03-17 09:48:00','db1_test_285','2022-03-17 09:48:00','db1_test_285'),
    ('689047307945259008','db1_test_286','2022-03-17 09:48:00','db1_test_286','2022-03-17 09:48:00','db1_test_286'),
    ('689047307983007744','db1_test_287','2022-03-17 09:48:00','db1_test_287','2022-03-17 09:48:00','db1_test_287'),
    ('689047308016562176','db1_test_288','2022-03-17 09:48:00','db1_test_288','2022-03-17 09:48:00','db1_test_288'),
    ('689047308037533696','db1_test_289','2022-03-17 09:48:00','db1_test_289','2022-03-17 09:48:00','db1_test_289'),
    ('689047308062699520','db1_test_290','2022-03-17 09:48:00','db1_test_290','2022-03-17 09:48:00','db1_test_290'),
    ('689047308087865344','db1_test_291','2022-03-17 09:48:00','db1_test_291','2022-03-17 09:48:00','db1_test_291'),
    ('689047308117225472','db1_test_292','2022-03-17 09:48:00','db1_test_292','2022-03-17 09:48:00','db1_test_292'),
    ('689047308146585600','db1_test_293','2022-03-17 09:48:00','db1_test_293','2022-03-17 09:48:00','db1_test_293'),
    ('689047308175945728','db1_test_294','2022-03-17 09:48:00','db1_test_294','2022-03-17 09:48:00','db1_test_294'),
    ('689047308205305856','db1_test_295','2022-03-17 09:48:00','db1_test_295','2022-03-17 09:48:00','db1_test_295'),
    ('689047308234665984','db1_test_296','2022-03-17 09:48:00','db1_test_296','2022-03-17 09:48:00','db1_test_296'),
    ('689047308255637504','db1_test_297','2022-03-17 09:48:00','db1_test_297','2022-03-17 09:48:00','db1_test_297'),
    ('689047308280803328','db1_test_298','2022-03-17 09:48:00','db1_test_298','2022-03-17 09:48:00','db1_test_298'),
    ('689047308310163456','db1_test_299','2022-03-17 09:48:00','db1_test_299','2022-03-17 09:48:00','db1_test_299'),
    ('689047308331134976','db1_test_300','2022-03-17 09:48:00','db1_test_300','2022-03-17 09:48:00','db1_test_300'),
    ('689047308356300800','db1_test_301','2022-03-17 09:48:00','db1_test_301','2022-03-17 09:48:00','db1_test_301'),
    ('689047308377272320','db1_test_302','2022-03-17 09:48:00','db1_test_302','2022-03-17 09:48:00','db1_test_302'),
    ('689047308398243840','db1_test_303','2022-03-17 09:48:00','db1_test_303','2022-03-17 09:48:00','db1_test_303'),
    ('689047308419215360','db1_test_304','2022-03-17 09:48:00','db1_test_304','2022-03-17 09:48:00','db1_test_304'),
    ('689047308435992576','db1_test_305','2022-03-17 09:48:00','db1_test_305','2022-03-17 09:48:00','db1_test_305'),
    ('689047308456964096','db1_test_306','2022-03-17 09:48:00','db1_test_306','2022-03-17 09:48:00','db1_test_306'),
    ('689047308469547008','db1_test_307','2022-03-17 09:48:00','db1_test_307','2022-03-17 09:48:00','db1_test_307'),
    ('689047308477935616','db1_test_308','2022-03-17 09:48:00','db1_test_308','2022-03-17 09:48:00','db1_test_308'),
    ('689047308490518528','db1_test_309','2022-03-17 09:48:00','db1_test_309','2022-03-17 09:48:00','db1_test_309'),
    ('689047308498907136','db1_test_310','2022-03-17 09:48:00','db1_test_310','2022-03-17 09:48:00','db1_test_310'),
    ('689047308507295744','db1_test_311','2022-03-17 09:48:00','db1_test_311','2022-03-17 09:48:00','db1_test_311'),
    ('689047308515684352','db1_test_312','2022-03-17 09:48:00','db1_test_312','2022-03-17 09:48:00','db1_test_312'),
    ('689047308524072960','db1_test_313','2022-03-17 09:48:00','db1_test_313','2022-03-17 09:48:00','db1_test_313'),
    ('689047308536655872','db1_test_314','2022-03-17 09:48:00','db1_test_314','2022-03-17 09:48:00','db1_test_314'),
    ('689047308545044480','db1_test_315','2022-03-17 09:48:00','db1_test_315','2022-03-17 09:48:00','db1_test_315'),
    ('689047308553433088','db1_test_316','2022-03-17 09:48:00','db1_test_316','2022-03-17 09:48:00','db1_test_316'),
    ('689047308561821696','db1_test_317','2022-03-17 09:48:00','db1_test_317','2022-03-17 09:48:00','db1_test_317'),
    ('689047308578598912','db1_test_318','2022-03-17 09:48:00','db1_test_318','2022-03-17 09:48:00','db1_test_318'),
    ('689047308586987520','db1_test_319','2022-03-17 09:48:00','db1_test_319','2022-03-17 09:48:00','db1_test_319'),
    ('689047308595376128','db1_test_320','2022-03-17 09:48:00','db1_test_320','2022-03-17 09:48:00','db1_test_320'),
    ('689047308607959040','db1_test_321','2022-03-17 09:48:00','db1_test_321','2022-03-17 09:48:00','db1_test_321'),
    ('689047308616347648','db1_test_322','2022-03-17 09:48:00','db1_test_322','2022-03-17 09:48:00','db1_test_322'),
    ('689047308628930560','db1_test_323','2022-03-17 09:48:00','db1_test_323','2022-03-17 09:48:00','db1_test_323'),
    ('689047308637319168','db1_test_324','2022-03-17 09:48:00','db1_test_324','2022-03-17 09:48:00','db1_test_324'),
    ('689047308649902080','db1_test_325','2022-03-17 09:48:00','db1_test_325','2022-03-17 09:48:00','db1_test_325'),
    ('689047308658290688','db1_test_326','2022-03-17 09:48:00','db1_test_326','2022-03-17 09:48:00','db1_test_326'),
    ('689047308675067904','db1_test_327','2022-03-17 09:48:00','db1_test_327','2022-03-17 09:48:00','db1_test_327'),
    ('689047308700233728','db1_test_328','2022-03-17 09:48:00','db1_test_328','2022-03-17 09:48:00','db1_test_328'),
    ('689047308712816640','db1_test_329','2022-03-17 09:48:00','db1_test_329','2022-03-17 09:48:00','db1_test_329'),
    ('689047308733788160','db1_test_330','2022-03-17 09:48:00','db1_test_330','2022-03-17 09:48:00','db1_test_330'),
    ('689047308750565376','db1_test_331','2022-03-17 09:48:00','db1_test_331','2022-03-17 09:48:00','db1_test_331'),
    ('689047308775731200','db1_test_332','2022-03-17 09:48:00','db1_test_332','2022-03-17 09:48:00','db1_test_332'),
    ('689047308800897024','db1_test_333','2022-03-17 09:48:00','db1_test_333','2022-03-17 09:48:00','db1_test_333'),
    ('689047308821868544','db1_test_334','2022-03-17 09:48:00','db1_test_334','2022-03-17 09:48:00','db1_test_334'),
    ('689047308842840064','db1_test_335','2022-03-17 09:48:00','db1_test_335','2022-03-17 09:48:00','db1_test_335'),
    ('689047308868005888','db1_test_336','2022-03-17 09:48:00','db1_test_336','2022-03-17 09:48:00','db1_test_336'),
    ('689047308888977408','db1_test_337','2022-03-17 09:48:00','db1_test_337','2022-03-17 09:48:00','db1_test_337'),
    ('689047308918337536','db1_test_338','2022-03-17 09:48:00','db1_test_338','2022-03-17 09:48:00','db1_test_338'),
    ('689047308943503360','db1_test_339','2022-03-17 09:48:00','db1_test_339','2022-03-17 09:48:00','db1_test_339'),
    ('689047308964474880','db1_test_340','2022-03-17 09:48:00','db1_test_340','2022-03-17 09:48:00','db1_test_340'),
    ('689047308993835008','db1_test_341','2022-03-17 09:48:00','db1_test_341','2022-03-17 09:48:00','db1_test_341'),
    ('689047309019000832','db1_test_342','2022-03-17 09:48:00','db1_test_342','2022-03-17 09:48:00','db1_test_342'),
    ('689047309044166656','db1_test_343','2022-03-17 09:48:00','db1_test_343','2022-03-17 09:48:00','db1_test_343'),
    ('689047309069332480','db1_test_344','2022-03-17 09:48:00','db1_test_344','2022-03-17 09:48:00','db1_test_344'),
    ('689047309094498304','db1_test_345','2022-03-17 09:48:00','db1_test_345','2022-03-17 09:48:00','db1_test_345'),
    ('689047309115469824','db1_test_346','2022-03-17 09:48:00','db1_test_346','2022-03-17 09:48:00','db1_test_346'),
    ('689047309149024256','db1_test_347','2022-03-17 09:48:00','db1_test_347','2022-03-17 09:48:00','db1_test_347'),
    ('689047309169995776','db1_test_348','2022-03-17 09:48:00','db1_test_348','2022-03-17 09:48:00','db1_test_348'),
    ('689047309182578688','db1_test_349','2022-03-17 09:48:00','db1_test_349','2022-03-17 09:48:00','db1_test_349'),
    ('689047309195161600','db1_test_350','2022-03-17 09:48:00','db1_test_350','2022-03-17 09:48:00','db1_test_350'),
    ('689047309207744512','db1_test_351','2022-03-17 09:48:00','db1_test_351','2022-03-17 09:48:00','db1_test_351'),
    ('689047309216133120','db1_test_352','2022-03-17 09:48:00','db1_test_352','2022-03-17 09:48:00','db1_test_352'),
    ('689047309228716032','db1_test_353','2022-03-17 09:48:00','db1_test_353','2022-03-17 09:48:00','db1_test_353'),
    ('689047309241298944','db1_test_354','2022-03-17 09:48:00','db1_test_354','2022-03-17 09:48:00','db1_test_354'),
    ('689047309253881856','db1_test_355','2022-03-17 09:48:00','db1_test_355','2022-03-17 09:48:00','db1_test_355'),
    ('689047309266464768','db1_test_356','2022-03-17 09:48:00','db1_test_356','2022-03-17 09:48:00','db1_test_356'),
    ('689047309274853376','db1_test_357','2022-03-17 09:48:00','db1_test_357','2022-03-17 09:48:00','db1_test_357'),
    ('689047309287436288','db1_test_358','2022-03-17 09:48:00','db1_test_358','2022-03-17 09:48:00','db1_test_358'),
    ('689047309295824896','db1_test_359','2022-03-17 09:48:00','db1_test_359','2022-03-17 09:48:00','db1_test_359'),
    ('689047309308407808','db1_test_360','2022-03-17 09:48:00','db1_test_360','2022-03-17 09:48:00','db1_test_360'),
    ('689047309316796416','db1_test_361','2022-03-17 09:48:00','db1_test_361','2022-03-17 09:48:00','db1_test_361'),
    ('689047309325185024','db1_test_362','2022-03-17 09:48:00','db1_test_362','2022-03-17 09:48:00','db1_test_362'),
    ('689047309333573632','db1_test_363','2022-03-17 09:48:00','db1_test_363','2022-03-17 09:48:00','db1_test_363'),
    ('689047309341962240','db1_test_364','2022-03-17 09:48:00','db1_test_364','2022-03-17 09:48:00','db1_test_364'),
    ('689047309350350848','db1_test_365','2022-03-17 09:48:00','db1_test_365','2022-03-17 09:48:00','db1_test_365'),
    ('689047309358739456','db1_test_366','2022-03-17 09:48:00','db1_test_366','2022-03-17 09:48:00','db1_test_366'),
    ('689047309367128064','db1_test_367','2022-03-17 09:48:00','db1_test_367','2022-03-17 09:48:00','db1_test_367'),
    ('689047309383905280','db1_test_368','2022-03-17 09:48:00','db1_test_368','2022-03-17 09:48:00','db1_test_368'),
    ('689047309392293888','db1_test_369','2022-03-17 09:48:00','db1_test_369','2022-03-17 09:48:00','db1_test_369'),
    ('689047309421654016','db1_test_370','2022-03-17 09:48:00','db1_test_370','2022-03-17 09:48:00','db1_test_370'),
    ('689047309459402752','db1_test_371','2022-03-17 09:48:00','db1_test_371','2022-03-17 09:48:00','db1_test_371'),
    ('689047309476179968','db1_test_372','2022-03-17 09:48:00','db1_test_372','2022-03-17 09:48:00','db1_test_372'),
    ('689047309488762880','db1_test_373','2022-03-17 09:48:00','db1_test_373','2022-03-17 09:48:00','db1_test_373'),
    ('689047309501345792','db1_test_374','2022-03-17 09:48:00','db1_test_374','2022-03-17 09:48:00','db1_test_374'),
    ('689047309509734400','db1_test_375','2022-03-17 09:48:00','db1_test_375','2022-03-17 09:48:00','db1_test_375'),
    ('689047309522317312','db1_test_376','2022-03-17 09:48:00','db1_test_376','2022-03-17 09:48:00','db1_test_376'),
    ('689047309539094528','db1_test_377','2022-03-17 09:48:00','db1_test_377','2022-03-17 09:48:00','db1_test_377'),
    ('689047309568454656','db1_test_378','2022-03-17 09:48:00','db1_test_378','2022-03-17 09:48:00','db1_test_378'),
    ('689047309597814784','db1_test_379','2022-03-17 09:48:00','db1_test_379','2022-03-17 09:48:00','db1_test_379'),
    ('689047309627174912','db1_test_380','2022-03-17 09:48:00','db1_test_380','2022-03-17 09:48:00','db1_test_380'),
    ('689047309656535040','db1_test_381','2022-03-17 09:48:01','db1_test_381','2022-03-17 09:48:01','db1_test_381'),
    ('689047309681700864','db1_test_382','2022-03-17 09:48:01','db1_test_382','2022-03-17 09:48:01','db1_test_382'),
    ('689047309711060992','db1_test_383','2022-03-17 09:48:01','db1_test_383','2022-03-17 09:48:01','db1_test_383'),
    ('689047309740421120','db1_test_384','2022-03-17 09:48:01','db1_test_384','2022-03-17 09:48:01','db1_test_384'),
    ('689047309765586944','db1_test_385','2022-03-17 09:48:01','db1_test_385','2022-03-17 09:48:01','db1_test_385'),
    ('689047309799141376','db1_test_386','2022-03-17 09:48:01','db1_test_386','2022-03-17 09:48:01','db1_test_386'),
    ('689047309824307200','db1_test_387','2022-03-17 09:48:01','db1_test_387','2022-03-17 09:48:01','db1_test_387'),
    ('689047309845278720','db1_test_388','2022-03-17 09:48:01','db1_test_388','2022-03-17 09:48:01','db1_test_388'),
    ('689047309870444544','db1_test_389','2022-03-17 09:48:01','db1_test_389','2022-03-17 09:48:01','db1_test_389'),
    ('689047309891416064','db1_test_390','2022-03-17 09:48:01','db1_test_390','2022-03-17 09:48:01','db1_test_390'),
    ('689047309912387584','db1_test_391','2022-03-17 09:48:01','db1_test_391','2022-03-17 09:48:01','db1_test_391'),
    ('689047309937553408','db1_test_392','2022-03-17 09:48:01','db1_test_392','2022-03-17 09:48:01','db1_test_392'),
    ('689047309958524928','db1_test_393','2022-03-17 09:48:01','db1_test_393','2022-03-17 09:48:01','db1_test_393'),
    ('689047309983690752','db1_test_394','2022-03-17 09:48:01','db1_test_394','2022-03-17 09:48:01','db1_test_394'),
    ('689047310004662272','db1_test_395','2022-03-17 09:48:01','db1_test_395','2022-03-17 09:48:01','db1_test_395'),
    ('689047310017245184','db1_test_396','2022-03-17 09:48:01','db1_test_396','2022-03-17 09:48:01','db1_test_396'),
    ('689047310025633792','db1_test_397','2022-03-17 09:48:01','db1_test_397','2022-03-17 09:48:01','db1_test_397'),
    ('689047310038216704','db1_test_398','2022-03-17 09:48:01','db1_test_398','2022-03-17 09:48:01','db1_test_398'),
    ('689047310046605312','db1_test_399','2022-03-17 09:48:01','db1_test_399','2022-03-17 09:48:01','db1_test_399'),
    ('689047310059188224','db1_test_400','2022-03-17 09:48:01','db1_test_400','2022-03-17 09:48:01','db1_test_400'),
    ('689047310067576832','db1_test_401','2022-03-17 09:48:01','db1_test_401','2022-03-17 09:48:01','db1_test_401'),
    ('689047310075965440','db1_test_402','2022-03-17 09:48:01','db1_test_402','2022-03-17 09:48:01','db1_test_402'),
    ('689047310084354048','db1_test_403','2022-03-17 09:48:01','db1_test_403','2022-03-17 09:48:01','db1_test_403'),
    ('689047310096936960','db1_test_404','2022-03-17 09:48:01','db1_test_404','2022-03-17 09:48:01','db1_test_404'),
    ('689047310113714176','db1_test_405','2022-03-17 09:48:01','db1_test_405','2022-03-17 09:48:01','db1_test_405'),
    ('689047310126297088','db1_test_406','2022-03-17 09:48:01','db1_test_406','2022-03-17 09:48:01','db1_test_406'),
    ('689047310138880000','db1_test_407','2022-03-17 09:48:01','db1_test_407','2022-03-17 09:48:01','db1_test_407'),
    ('689047310147268608','db1_test_408','2022-03-17 09:48:01','db1_test_408','2022-03-17 09:48:01','db1_test_408'),
    ('689047310155657216','db1_test_409','2022-03-17 09:48:01','db1_test_409','2022-03-17 09:48:01','db1_test_409'),
    ('689047310164045824','db1_test_410','2022-03-17 09:48:01','db1_test_410','2022-03-17 09:48:01','db1_test_410'),
    ('689047310176628736','db1_test_411','2022-03-17 09:48:01','db1_test_411','2022-03-17 09:48:01','db1_test_411'),
    ('689047310185017344','db1_test_412','2022-03-17 09:48:01','db1_test_412','2022-03-17 09:48:01','db1_test_412'),
    ('689047310193405952','db1_test_413','2022-03-17 09:48:01','db1_test_413','2022-03-17 09:48:01','db1_test_413'),
    ('689047310201794560','db1_test_414','2022-03-17 09:48:01','db1_test_414','2022-03-17 09:48:01','db1_test_414'),
    ('689047310210183168','db1_test_415','2022-03-17 09:48:01','db1_test_415','2022-03-17 09:48:01','db1_test_415'),
    ('689047310218571776','db1_test_416','2022-03-17 09:48:01','db1_test_416','2022-03-17 09:48:01','db1_test_416'),
    ('689047310226960384','db1_test_417','2022-03-17 09:48:01','db1_test_417','2022-03-17 09:48:01','db1_test_417'),
    ('689047310235348992','db1_test_418','2022-03-17 09:48:01','db1_test_418','2022-03-17 09:48:01','db1_test_418'),
    ('689047310243737600','db1_test_419','2022-03-17 09:48:01','db1_test_419','2022-03-17 09:48:01','db1_test_419'),
    ('689047310252126208','db1_test_420','2022-03-17 09:48:01','db1_test_420','2022-03-17 09:48:01','db1_test_420'),
    ('689047310260514816','db1_test_421','2022-03-17 09:48:01','db1_test_421','2022-03-17 09:48:01','db1_test_421'),
    ('689047310268903424','db1_test_422','2022-03-17 09:48:01','db1_test_422','2022-03-17 09:48:01','db1_test_422'),
    ('689047310277292032','db1_test_423','2022-03-17 09:48:01','db1_test_423','2022-03-17 09:48:01','db1_test_423'),
    ('689047310285680640','db1_test_424','2022-03-17 09:48:01','db1_test_424','2022-03-17 09:48:01','db1_test_424'),
    ('689047310294069248','db1_test_425','2022-03-17 09:48:01','db1_test_425','2022-03-17 09:48:01','db1_test_425'),
    ('689047310302457856','db1_test_426','2022-03-17 09:48:01','db1_test_426','2022-03-17 09:48:01','db1_test_426'),
    ('689047310315040768','db1_test_427','2022-03-17 09:48:01','db1_test_427','2022-03-17 09:48:01','db1_test_427'),
    ('689047310323429376','db1_test_428','2022-03-17 09:48:01','db1_test_428','2022-03-17 09:48:01','db1_test_428'),
    ('689047310331817984','db1_test_429','2022-03-17 09:48:01','db1_test_429','2022-03-17 09:48:01','db1_test_429'),
    ('689047310340206592','db1_test_430','2022-03-17 09:48:01','db1_test_430','2022-03-17 09:48:01','db1_test_430'),
    ('689047310348595200','db1_test_431','2022-03-17 09:48:01','db1_test_431','2022-03-17 09:48:01','db1_test_431'),
    ('689047310361178112','db1_test_432','2022-03-17 09:48:01','db1_test_432','2022-03-17 09:48:01','db1_test_432'),
    ('689047310373761024','db1_test_433','2022-03-17 09:48:01','db1_test_433','2022-03-17 09:48:01','db1_test_433'),
    ('689047310403121152','db1_test_434','2022-03-17 09:48:01','db1_test_434','2022-03-17 09:48:01','db1_test_434'),
    ('689047310424092672','db1_test_435','2022-03-17 09:48:01','db1_test_435','2022-03-17 09:48:01','db1_test_435'),
    ('689047310440869888','db1_test_436','2022-03-17 09:48:01','db1_test_436','2022-03-17 09:48:01','db1_test_436'),
    ('689047310457647104','db1_test_437','2022-03-17 09:48:01','db1_test_437','2022-03-17 09:48:01','db1_test_437'),
    ('689047310482812928','db1_test_438','2022-03-17 09:48:01','db1_test_438','2022-03-17 09:48:01','db1_test_438'),
    ('689047310499590144','db1_test_439','2022-03-17 09:48:01','db1_test_439','2022-03-17 09:48:01','db1_test_439'),
    ('689047310512173056','db1_test_440','2022-03-17 09:48:01','db1_test_440','2022-03-17 09:48:01','db1_test_440'),
    ('689047310533144576','db1_test_441','2022-03-17 09:48:01','db1_test_441','2022-03-17 09:48:01','db1_test_441'),
    ('689047310554116096','db1_test_442','2022-03-17 09:48:01','db1_test_442','2022-03-17 09:48:01','db1_test_442'),
    ('689047310579281920','db1_test_443','2022-03-17 09:48:01','db1_test_443','2022-03-17 09:48:01','db1_test_443'),
    ('689047310600253440','db1_test_444','2022-03-17 09:48:01','db1_test_444','2022-03-17 09:48:01','db1_test_444'),
    ('689047310621224960','db1_test_445','2022-03-17 09:48:01','db1_test_445','2022-03-17 09:48:01','db1_test_445'),
    ('689047310650585088','db1_test_446','2022-03-17 09:48:01','db1_test_446','2022-03-17 09:48:01','db1_test_446'),
    ('689047310679945216','db1_test_447','2022-03-17 09:48:01','db1_test_447','2022-03-17 09:48:01','db1_test_447'),
    ('689047310705111040','db1_test_448','2022-03-17 09:48:01','db1_test_448','2022-03-17 09:48:01','db1_test_448'),
    ('689047310726082560','db1_test_449','2022-03-17 09:48:01','db1_test_449','2022-03-17 09:48:01','db1_test_449'),
    ('689047310751248384','db1_test_450','2022-03-17 09:48:01','db1_test_450','2022-03-17 09:48:01','db1_test_450'),
    ('689047310772219904','db1_test_451','2022-03-17 09:48:01','db1_test_451','2022-03-17 09:48:01','db1_test_451'),
    ('689047310793191424','db1_test_452','2022-03-17 09:48:01','db1_test_452','2022-03-17 09:48:01','db1_test_452'),
    ('689047310818357248','db1_test_453','2022-03-17 09:48:01','db1_test_453','2022-03-17 09:48:01','db1_test_453'),
    ('689047310839328768','db1_test_454','2022-03-17 09:48:01','db1_test_454','2022-03-17 09:48:01','db1_test_454'),
    ('689047310860300288','db1_test_455','2022-03-17 09:48:01','db1_test_455','2022-03-17 09:48:01','db1_test_455'),
    ('689047310868688896','db1_test_456','2022-03-17 09:48:01','db1_test_456','2022-03-17 09:48:01','db1_test_456'),
    ('689047310881271808','db1_test_457','2022-03-17 09:48:01','db1_test_457','2022-03-17 09:48:01','db1_test_457'),
    ('689047310889660416','db1_test_458','2022-03-17 09:48:01','db1_test_458','2022-03-17 09:48:01','db1_test_458'),
    ('689047310902243328','db1_test_459','2022-03-17 09:48:01','db1_test_459','2022-03-17 09:48:01','db1_test_459'),
    ('689047310910631936','db1_test_460','2022-03-17 09:48:01','db1_test_460','2022-03-17 09:48:01','db1_test_460'),
    ('689047310919020544','db1_test_461','2022-03-17 09:48:01','db1_test_461','2022-03-17 09:48:01','db1_test_461'),
    ('689047310927409152','db1_test_462','2022-03-17 09:48:01','db1_test_462','2022-03-17 09:48:01','db1_test_462'),
    ('689047310931603456','db1_test_463','2022-03-17 09:48:01','db1_test_463','2022-03-17 09:48:01','db1_test_463'),
    ('689047310939992064','db1_test_464','2022-03-17 09:48:01','db1_test_464','2022-03-17 09:48:01','db1_test_464'),
    ('689047310952574976','db1_test_465','2022-03-17 09:48:01','db1_test_465','2022-03-17 09:48:01','db1_test_465'),
    ('689047310960963584','db1_test_466','2022-03-17 09:48:01','db1_test_466','2022-03-17 09:48:01','db1_test_466'),
    ('689047310969352192','db1_test_467','2022-03-17 09:48:01','db1_test_467','2022-03-17 09:48:01','db1_test_467'),
    ('689047310977740800','db1_test_468','2022-03-17 09:48:01','db1_test_468','2022-03-17 09:48:01','db1_test_468'),
    ('689047310986129408','db1_test_469','2022-03-17 09:48:01','db1_test_469','2022-03-17 09:48:01','db1_test_469'),
    ('689047310998712320','db1_test_470','2022-03-17 09:48:01','db1_test_470','2022-03-17 09:48:01','db1_test_470'),
    ('689047311007100928','db1_test_471','2022-03-17 09:48:01','db1_test_471','2022-03-17 09:48:01','db1_test_471'),
    ('689047311015489536','db1_test_472','2022-03-17 09:48:01','db1_test_472','2022-03-17 09:48:01','db1_test_472'),
    ('689047311023878144','db1_test_473','2022-03-17 09:48:01','db1_test_473','2022-03-17 09:48:01','db1_test_473'),
    ('689047311032266752','db1_test_474','2022-03-17 09:48:01','db1_test_474','2022-03-17 09:48:01','db1_test_474'),
    ('689047311040655360','db1_test_475','2022-03-17 09:48:01','db1_test_475','2022-03-17 09:48:01','db1_test_475'),
    ('689047311049043968','db1_test_476','2022-03-17 09:48:01','db1_test_476','2022-03-17 09:48:01','db1_test_476'),
    ('689047311057432576','db1_test_477','2022-03-17 09:48:01','db1_test_477','2022-03-17 09:48:01','db1_test_477'),
    ('689047311065821184','db1_test_478','2022-03-17 09:48:01','db1_test_478','2022-03-17 09:48:01','db1_test_478'),
    ('689047311074209792','db1_test_479','2022-03-17 09:48:01','db1_test_479','2022-03-17 09:48:01','db1_test_479'),
    ('689047311082598400','db1_test_480','2022-03-17 09:48:01','db1_test_480','2022-03-17 09:48:01','db1_test_480'),
    ('689047311090987008','db1_test_481','2022-03-17 09:48:01','db1_test_481','2022-03-17 09:48:01','db1_test_481'),
    ('689047311099375616','db1_test_482','2022-03-17 09:48:01','db1_test_482','2022-03-17 09:48:01','db1_test_482'),
    ('689047311107764224','db1_test_483','2022-03-17 09:48:01','db1_test_483','2022-03-17 09:48:01','db1_test_483'),
    ('689047311116152832','db1_test_484','2022-03-17 09:48:01','db1_test_484','2022-03-17 09:48:01','db1_test_484'),
    ('689047311128735744','db1_test_485','2022-03-17 09:48:01','db1_test_485','2022-03-17 09:48:01','db1_test_485'),
    ('689047311141318656','db1_test_486','2022-03-17 09:48:01','db1_test_486','2022-03-17 09:48:01','db1_test_486'),
    ('689047311153901568','db1_test_487','2022-03-17 09:48:01','db1_test_487','2022-03-17 09:48:01','db1_test_487'),
    ('689047311166484480','db1_test_488','2022-03-17 09:48:01','db1_test_488','2022-03-17 09:48:01','db1_test_488'),
    ('689047311179067392','db1_test_489','2022-03-17 09:48:01','db1_test_489','2022-03-17 09:48:01','db1_test_489'),
    ('689047311191650304','db1_test_490','2022-03-17 09:48:01','db1_test_490','2022-03-17 09:48:01','db1_test_490'),
    ('689047311204233216','db1_test_491','2022-03-17 09:48:01','db1_test_491','2022-03-17 09:48:01','db1_test_491'),
    ('689047311216816128','db1_test_492','2022-03-17 09:48:01','db1_test_492','2022-03-17 09:48:01','db1_test_492'),
    ('689047311241981952','db1_test_493','2022-03-17 09:48:01','db1_test_493','2022-03-17 09:48:01','db1_test_493'),
    ('689047311262953472','db1_test_494','2022-03-17 09:48:01','db1_test_494','2022-03-17 09:48:01','db1_test_494'),
    ('689047311283924992','db1_test_495','2022-03-17 09:48:01','db1_test_495','2022-03-17 09:48:01','db1_test_495'),
    ('689047311309090816','db1_test_496','2022-03-17 09:48:01','db1_test_496','2022-03-17 09:48:01','db1_test_496'),
    ('689047311342645248','db1_test_497','2022-03-17 09:48:01','db1_test_497','2022-03-17 09:48:01','db1_test_497'),
    ('689047311363616768','db1_test_498','2022-03-17 09:48:01','db1_test_498','2022-03-17 09:48:01','db1_test_498'),
    ('689047311397171200','db1_test_499','2022-03-17 09:48:01','db1_test_499','2022-03-17 09:48:01','db1_test_499'),
    ('689047311422337024','db1_test_500','2022-03-17 09:48:01','db1_test_500','2022-03-17 09:48:01','db1_test_500'),
    ('689047311447502848','db1_test_501','2022-03-17 09:48:01','db1_test_501','2022-03-17 09:48:01','db1_test_501'),
    ('689047311476862976','db1_test_502','2022-03-17 09:48:01','db1_test_502','2022-03-17 09:48:01','db1_test_502'),
    ('689047311497834496','db1_test_503','2022-03-17 09:48:01','db1_test_503','2022-03-17 09:48:01','db1_test_503'),
    ('689047311514611712','db1_test_504','2022-03-17 09:48:01','db1_test_504','2022-03-17 09:48:01','db1_test_504'),
    ('689047311539777536','db1_test_505','2022-03-17 09:48:01','db1_test_505','2022-03-17 09:48:01','db1_test_505'),
    ('689047311556554752','db1_test_506','2022-03-17 09:48:01','db1_test_506','2022-03-17 09:48:01','db1_test_506'),
    ('689047311581720576','db1_test_507','2022-03-17 09:48:01','db1_test_507','2022-03-17 09:48:01','db1_test_507'),
    ('689047311598497792','db1_test_508','2022-03-17 09:48:01','db1_test_508','2022-03-17 09:48:01','db1_test_508'),
    ('689047311623663616','db1_test_509','2022-03-17 09:48:01','db1_test_509','2022-03-17 09:48:01','db1_test_509'),
    ('689047311653023744','db1_test_510','2022-03-17 09:48:01','db1_test_510','2022-03-17 09:48:01','db1_test_510'),
    ('689047311673995264','db1_test_511','2022-03-17 09:48:01','db1_test_511','2022-03-17 09:48:01','db1_test_511'),
    ('689047311703355392','db1_test_512','2022-03-17 09:48:01','db1_test_512','2022-03-17 09:48:01','db1_test_512'),
    ('689047311736909824','db1_test_513','2022-03-17 09:48:01','db1_test_513','2022-03-17 09:48:01','db1_test_513'),
    ('689047311753687040','db1_test_514','2022-03-17 09:48:01','db1_test_514','2022-03-17 09:48:01','db1_test_514'),
    ('689047311766269952','db1_test_515','2022-03-17 09:48:01','db1_test_515','2022-03-17 09:48:01','db1_test_515'),
    ('689047311787241472','db1_test_516','2022-03-17 09:48:01','db1_test_516','2022-03-17 09:48:01','db1_test_516'),
    ('689047311808212992','db1_test_517','2022-03-17 09:48:01','db1_test_517','2022-03-17 09:48:01','db1_test_517'),
    ('689047311820795904','db1_test_518','2022-03-17 09:48:01','db1_test_518','2022-03-17 09:48:01','db1_test_518'),
    ('689047311837573120','db1_test_519','2022-03-17 09:48:01','db1_test_519','2022-03-17 09:48:01','db1_test_519'),
    ('689047311854350336','db1_test_520','2022-03-17 09:48:01','db1_test_520','2022-03-17 09:48:01','db1_test_520'),
    ('689047311866933248','db1_test_521','2022-03-17 09:48:01','db1_test_521','2022-03-17 09:48:01','db1_test_521'),
    ('689047311879516160','db1_test_522','2022-03-17 09:48:01','db1_test_522','2022-03-17 09:48:01','db1_test_522'),
    ('689047311887904768','db1_test_523','2022-03-17 09:48:01','db1_test_523','2022-03-17 09:48:01','db1_test_523'),
    ('689047311900487680','db1_test_524','2022-03-17 09:48:01','db1_test_524','2022-03-17 09:48:01','db1_test_524'),
    ('689047311908876288','db1_test_525','2022-03-17 09:48:01','db1_test_525','2022-03-17 09:48:01','db1_test_525'),
    ('689047311917264896','db1_test_526','2022-03-17 09:48:01','db1_test_526','2022-03-17 09:48:01','db1_test_526'),
    ('689047311929847808','db1_test_527','2022-03-17 09:48:01','db1_test_527','2022-03-17 09:48:01','db1_test_527'),
    ('689047311938236416','db1_test_528','2022-03-17 09:48:01','db1_test_528','2022-03-17 09:48:01','db1_test_528'),
    ('689047311946625024','db1_test_529','2022-03-17 09:48:01','db1_test_529','2022-03-17 09:48:01','db1_test_529'),
    ('689047311955013632','db1_test_530','2022-03-17 09:48:01','db1_test_530','2022-03-17 09:48:01','db1_test_530'),
    ('689047311963402240','db1_test_531','2022-03-17 09:48:01','db1_test_531','2022-03-17 09:48:01','db1_test_531'),
    ('689047311971790848','db1_test_532','2022-03-17 09:48:01','db1_test_532','2022-03-17 09:48:01','db1_test_532'),
    ('689047311980179456','db1_test_533','2022-03-17 09:48:01','db1_test_533','2022-03-17 09:48:01','db1_test_533'),
    ('689047311988568064','db1_test_534','2022-03-17 09:48:01','db1_test_534','2022-03-17 09:48:01','db1_test_534'),
    ('689047311996956672','db1_test_535','2022-03-17 09:48:01','db1_test_535','2022-03-17 09:48:01','db1_test_535'),
    ('689047312005345280','db1_test_536','2022-03-17 09:48:01','db1_test_536','2022-03-17 09:48:01','db1_test_536'),
    ('689047312013733888','db1_test_537','2022-03-17 09:48:01','db1_test_537','2022-03-17 09:48:01','db1_test_537'),
    ('689047312026316800','db1_test_538','2022-03-17 09:48:01','db1_test_538','2022-03-17 09:48:01','db1_test_538'),
    ('689047312034705408','db1_test_539','2022-03-17 09:48:01','db1_test_539','2022-03-17 09:48:01','db1_test_539'),
    ('689047312047288320','db1_test_540','2022-03-17 09:48:01','db1_test_540','2022-03-17 09:48:01','db1_test_540'),
    ('689047312059871232','db1_test_541','2022-03-17 09:48:01','db1_test_541','2022-03-17 09:48:01','db1_test_541'),
    ('689047312085037056','db1_test_542','2022-03-17 09:48:01','db1_test_542','2022-03-17 09:48:01','db1_test_542'),
    ('689047312101814272','db1_test_543','2022-03-17 09:48:01','db1_test_543','2022-03-17 09:48:01','db1_test_543'),
    ('689047312126980096','db1_test_544','2022-03-17 09:48:01','db1_test_544','2022-03-17 09:48:01','db1_test_544'),
    ('689047312147951616','db1_test_545','2022-03-17 09:48:01','db1_test_545','2022-03-17 09:48:01','db1_test_545'),
    ('689047312164728832','db1_test_546','2022-03-17 09:48:01','db1_test_546','2022-03-17 09:48:01','db1_test_546'),
    ('689047312194088960','db1_test_547','2022-03-17 09:48:01','db1_test_547','2022-03-17 09:48:01','db1_test_547'),
    ('689047312219254784','db1_test_548','2022-03-17 09:48:01','db1_test_548','2022-03-17 09:48:01','db1_test_548'),
    ('689047312244420608','db1_test_549','2022-03-17 09:48:01','db1_test_549','2022-03-17 09:48:01','db1_test_549'),
    ('689047312273780736','db1_test_550','2022-03-17 09:48:01','db1_test_550','2022-03-17 09:48:01','db1_test_550'),
    ('689047312294752256','db1_test_551','2022-03-17 09:48:01','db1_test_551','2022-03-17 09:48:01','db1_test_551'),
    ('689047312311529472','db1_test_552','2022-03-17 09:48:01','db1_test_552','2022-03-17 09:48:01','db1_test_552'),
    ('689047312336695296','db1_test_553','2022-03-17 09:48:01','db1_test_553','2022-03-17 09:48:01','db1_test_553'),
    ('689047312357666816','db1_test_554','2022-03-17 09:48:01','db1_test_554','2022-03-17 09:48:01','db1_test_554'),
    ('689047312387026944','db1_test_555','2022-03-17 09:48:01','db1_test_555','2022-03-17 09:48:01','db1_test_555'),
    ('689047312412192768','db1_test_556','2022-03-17 09:48:01','db1_test_556','2022-03-17 09:48:01','db1_test_556'),
    ('689047312433164288','db1_test_557','2022-03-17 09:48:01','db1_test_557','2022-03-17 09:48:01','db1_test_557'),
    ('689047312454135808','db1_test_558','2022-03-17 09:48:01','db1_test_558','2022-03-17 09:48:01','db1_test_558'),
    ('689047312475107328','db1_test_559','2022-03-17 09:48:01','db1_test_559','2022-03-17 09:48:01','db1_test_559'),
    ('689047312496078848','db1_test_560','2022-03-17 09:48:01','db1_test_560','2022-03-17 09:48:01','db1_test_560'),
    ('689047312512856064','db1_test_561','2022-03-17 09:48:01','db1_test_561','2022-03-17 09:48:01','db1_test_561'),
    ('689047312533827584','db1_test_562','2022-03-17 09:48:01','db1_test_562','2022-03-17 09:48:01','db1_test_562'),
    ('689047312554799104','db1_test_563','2022-03-17 09:48:01','db1_test_563','2022-03-17 09:48:01','db1_test_563'),
    ('689047312571576320','db1_test_564','2022-03-17 09:48:01','db1_test_564','2022-03-17 09:48:01','db1_test_564'),
    ('689047312579964928','db1_test_565','2022-03-17 09:48:01','db1_test_565','2022-03-17 09:48:01','db1_test_565'),
    ('689047312588353536','db1_test_566','2022-03-17 09:48:01','db1_test_566','2022-03-17 09:48:01','db1_test_566'),
    ('689047312600936448','db1_test_567','2022-03-17 09:48:01','db1_test_567','2022-03-17 09:48:01','db1_test_567'),
    ('689047312609325056','db1_test_568','2022-03-17 09:48:01','db1_test_568','2022-03-17 09:48:01','db1_test_568'),
    ('689047312617713664','db1_test_569','2022-03-17 09:48:01','db1_test_569','2022-03-17 09:48:01','db1_test_569'),
    ('689047312626102272','db1_test_570','2022-03-17 09:48:01','db1_test_570','2022-03-17 09:48:01','db1_test_570'),
    ('689047312634490880','db1_test_571','2022-03-17 09:48:01','db1_test_571','2022-03-17 09:48:01','db1_test_571'),
    ('689047312642879488','db1_test_572','2022-03-17 09:48:01','db1_test_572','2022-03-17 09:48:01','db1_test_572'),
    ('689047312651268096','db1_test_573','2022-03-17 09:48:01','db1_test_573','2022-03-17 09:48:01','db1_test_573'),
    ('689047312659656704','db1_test_574','2022-03-17 09:48:01','db1_test_574','2022-03-17 09:48:01','db1_test_574'),
    ('689047312668045312','db1_test_575','2022-03-17 09:48:01','db1_test_575','2022-03-17 09:48:01','db1_test_575'),
    ('689047312676433920','db1_test_576','2022-03-17 09:48:01','db1_test_576','2022-03-17 09:48:01','db1_test_576'),
    ('689047312684822528','db1_test_577','2022-03-17 09:48:01','db1_test_577','2022-03-17 09:48:01','db1_test_577'),
    ('689047312693211136','db1_test_578','2022-03-17 09:48:01','db1_test_578','2022-03-17 09:48:01','db1_test_578'),
    ('689047312701599744','db1_test_579','2022-03-17 09:48:01','db1_test_579','2022-03-17 09:48:01','db1_test_579'),
    ('689047312709988352','db1_test_580','2022-03-17 09:48:01','db1_test_580','2022-03-17 09:48:01','db1_test_580'),
    ('689047312718376960','db1_test_581','2022-03-17 09:48:01','db1_test_581','2022-03-17 09:48:01','db1_test_581'),
    ('689047312726765568','db1_test_582','2022-03-17 09:48:01','db1_test_582','2022-03-17 09:48:01','db1_test_582'),
    ('689047312735154176','db1_test_583','2022-03-17 09:48:01','db1_test_583','2022-03-17 09:48:01','db1_test_583'),
    ('689047312743542784','db1_test_584','2022-03-17 09:48:01','db1_test_584','2022-03-17 09:48:01','db1_test_584'),
    ('689047312751931392','db1_test_585','2022-03-17 09:48:01','db1_test_585','2022-03-17 09:48:01','db1_test_585'),
    ('689047312760320000','db1_test_586','2022-03-17 09:48:01','db1_test_586','2022-03-17 09:48:01','db1_test_586'),
    ('689047312768708608','db1_test_587','2022-03-17 09:48:01','db1_test_587','2022-03-17 09:48:01','db1_test_587'),
    ('689047312777097216','db1_test_588','2022-03-17 09:48:01','db1_test_588','2022-03-17 09:48:01','db1_test_588'),
    ('689047312785485824','db1_test_589','2022-03-17 09:48:01','db1_test_589','2022-03-17 09:48:01','db1_test_589'),
    ('689047312789680128','db1_test_590','2022-03-17 09:48:01','db1_test_590','2022-03-17 09:48:01','db1_test_590'),
    ('689047312798068736','db1_test_591','2022-03-17 09:48:01','db1_test_591','2022-03-17 09:48:01','db1_test_591'),
    ('689047312806457344','db1_test_592','2022-03-17 09:48:01','db1_test_592','2022-03-17 09:48:01','db1_test_592'),
    ('689047312814845952','db1_test_593','2022-03-17 09:48:01','db1_test_593','2022-03-17 09:48:01','db1_test_593'),
    ('689047312823234560','db1_test_594','2022-03-17 09:48:01','db1_test_594','2022-03-17 09:48:01','db1_test_594'),
    ('689047312831623168','db1_test_595','2022-03-17 09:48:01','db1_test_595','2022-03-17 09:48:01','db1_test_595'),
    ('689047312840011776','db1_test_596','2022-03-17 09:48:01','db1_test_596','2022-03-17 09:48:01','db1_test_596'),
    ('689047312852594688','db1_test_597','2022-03-17 09:48:01','db1_test_597','2022-03-17 09:48:01','db1_test_597'),
    ('689047312869371904','db1_test_598','2022-03-17 09:48:01','db1_test_598','2022-03-17 09:48:01','db1_test_598'),
    ('689047312886149120','db1_test_599','2022-03-17 09:48:01','db1_test_599','2022-03-17 09:48:01','db1_test_599'),
    ('689047312898732032','db1_test_600','2022-03-17 09:48:01','db1_test_600','2022-03-17 09:48:01','db1_test_600'),
    ('689047312915509248','db1_test_601','2022-03-17 09:48:01','db1_test_601','2022-03-17 09:48:01','db1_test_601'),
    ('689047312940675072','db1_test_602','2022-03-17 09:48:01','db1_test_602','2022-03-17 09:48:01','db1_test_602'),
    ('689047312965840896','db1_test_603','2022-03-17 09:48:01','db1_test_603','2022-03-17 09:48:01','db1_test_603'),
    ('689047312986812416','db1_test_604','2022-03-17 09:48:01','db1_test_604','2022-03-17 09:48:01','db1_test_604'),
    ('689047313011978240','db1_test_605','2022-03-17 09:48:01','db1_test_605','2022-03-17 09:48:01','db1_test_605'),
    ('689047313032949760','db1_test_606','2022-03-17 09:48:01','db1_test_606','2022-03-17 09:48:01','db1_test_606'),
    ('689047313053921280','db1_test_607','2022-03-17 09:48:01','db1_test_607','2022-03-17 09:48:01','db1_test_607'),
    ('689047313074892800','db1_test_608','2022-03-17 09:48:01','db1_test_608','2022-03-17 09:48:01','db1_test_608'),
    ('689047313087475712','db1_test_609','2022-03-17 09:48:01','db1_test_609','2022-03-17 09:48:01','db1_test_609'),
    ('689047313104252928','db1_test_610','2022-03-17 09:48:01','db1_test_610','2022-03-17 09:48:01','db1_test_610'),
    ('689047313125224448','db1_test_611','2022-03-17 09:48:01','db1_test_611','2022-03-17 09:48:01','db1_test_611'),
    ('689047313154584576','db1_test_612','2022-03-17 09:48:01','db1_test_612','2022-03-17 09:48:01','db1_test_612'),
    ('689047313175556096','db1_test_613','2022-03-17 09:48:01','db1_test_613','2022-03-17 09:48:01','db1_test_613'),
    ('689047313200721920','db1_test_614','2022-03-17 09:48:01','db1_test_614','2022-03-17 09:48:01','db1_test_614'),
    ('689047313221693440','db1_test_615','2022-03-17 09:48:01','db1_test_615','2022-03-17 09:48:01','db1_test_615'),
    ('689047313238470656','db1_test_616','2022-03-17 09:48:01','db1_test_616','2022-03-17 09:48:01','db1_test_616'),
    ('689047313263636480','db1_test_617','2022-03-17 09:48:01','db1_test_617','2022-03-17 09:48:01','db1_test_617'),
    ('689047313288802304','db1_test_618','2022-03-17 09:48:01','db1_test_618','2022-03-17 09:48:01','db1_test_618'),
    ('689047313305579520','db1_test_619','2022-03-17 09:48:01','db1_test_619','2022-03-17 09:48:01','db1_test_619'),
    ('689047313326551040','db1_test_620','2022-03-17 09:48:01','db1_test_620','2022-03-17 09:48:01','db1_test_620'),
    ('689047313347522560','db1_test_621','2022-03-17 09:48:01','db1_test_621','2022-03-17 09:48:01','db1_test_621'),
    ('689047313364299776','db1_test_622','2022-03-17 09:48:01','db1_test_622','2022-03-17 09:48:01','db1_test_622'),
    ('689047313376882688','db1_test_623','2022-03-17 09:48:01','db1_test_623','2022-03-17 09:48:01','db1_test_623'),
    ('689047313389465600','db1_test_624','2022-03-17 09:48:01','db1_test_624','2022-03-17 09:48:01','db1_test_624'),
    ('689047313397854208','db1_test_625','2022-03-17 09:48:01','db1_test_625','2022-03-17 09:48:01','db1_test_625'),
    ('689047313410437120','db1_test_626','2022-03-17 09:48:01','db1_test_626','2022-03-17 09:48:01','db1_test_626'),
    ('689047313418825728','db1_test_627','2022-03-17 09:48:01','db1_test_627','2022-03-17 09:48:01','db1_test_627'),
    ('689047313427214336','db1_test_628','2022-03-17 09:48:01','db1_test_628','2022-03-17 09:48:01','db1_test_628'),
    ('689047313435602944','db1_test_629','2022-03-17 09:48:01','db1_test_629','2022-03-17 09:48:01','db1_test_629'),
    ('689047313443991552','db1_test_630','2022-03-17 09:48:01','db1_test_630','2022-03-17 09:48:01','db1_test_630'),
    ('689047313452380160','db1_test_631','2022-03-17 09:48:01','db1_test_631','2022-03-17 09:48:01','db1_test_631'),
    ('689047313460768768','db1_test_632','2022-03-17 09:48:01','db1_test_632','2022-03-17 09:48:01','db1_test_632'),
    ('689047313473351680','db1_test_633','2022-03-17 09:48:01','db1_test_633','2022-03-17 09:48:01','db1_test_633'),
    ('689047313490128896','db1_test_634','2022-03-17 09:48:01','db1_test_634','2022-03-17 09:48:01','db1_test_634'),
    ('689047313502711808','db1_test_635','2022-03-17 09:48:01','db1_test_635','2022-03-17 09:48:01','db1_test_635'),
    ('689047313511100416','db1_test_636','2022-03-17 09:48:01','db1_test_636','2022-03-17 09:48:01','db1_test_636'),
    ('689047313523683328','db1_test_637','2022-03-17 09:48:01','db1_test_637','2022-03-17 09:48:01','db1_test_637'),
    ('689047313532071936','db1_test_638','2022-03-17 09:48:01','db1_test_638','2022-03-17 09:48:01','db1_test_638'),
    ('689047313553043456','db1_test_639','2022-03-17 09:48:01','db1_test_639','2022-03-17 09:48:01','db1_test_639'),
    ('689047313569820672','db1_test_640','2022-03-17 09:48:01','db1_test_640','2022-03-17 09:48:01','db1_test_640'),
    ('689047313586597888','db1_test_641','2022-03-17 09:48:01','db1_test_641','2022-03-17 09:48:01','db1_test_641'),
    ('689047313599180800','db1_test_642','2022-03-17 09:48:01','db1_test_642','2022-03-17 09:48:01','db1_test_642'),
    ('689047313615958016','db1_test_643','2022-03-17 09:48:01','db1_test_643','2022-03-17 09:48:01','db1_test_643'),
    ('689047313628540928','db1_test_644','2022-03-17 09:48:01','db1_test_644','2022-03-17 09:48:01','db1_test_644'),
    ('689047313641123840','db1_test_645','2022-03-17 09:48:01','db1_test_645','2022-03-17 09:48:01','db1_test_645'),
    ('689047313649512448','db1_test_646','2022-03-17 09:48:01','db1_test_646','2022-03-17 09:48:01','db1_test_646'),
    ('689047313657901056','db1_test_647','2022-03-17 09:48:01','db1_test_647','2022-03-17 09:48:01','db1_test_647'),
    ('689047313670483968','db1_test_648','2022-03-17 09:48:01','db1_test_648','2022-03-17 09:48:01','db1_test_648'),
    ('689047313678872576','db1_test_649','2022-03-17 09:48:01','db1_test_649','2022-03-17 09:48:01','db1_test_649'),
    ('689047313691455488','db1_test_650','2022-03-17 09:48:01','db1_test_650','2022-03-17 09:48:01','db1_test_650'),
    ('689047313699844096','db1_test_651','2022-03-17 09:48:01','db1_test_651','2022-03-17 09:48:01','db1_test_651'),
    ('689047313712427008','db1_test_652','2022-03-17 09:48:01','db1_test_652','2022-03-17 09:48:01','db1_test_652'),
    ('689047313720815616','db1_test_653','2022-03-17 09:48:01','db1_test_653','2022-03-17 09:48:01','db1_test_653'),
    ('689047313729204224','db1_test_654','2022-03-17 09:48:01','db1_test_654','2022-03-17 09:48:01','db1_test_654'),
    ('689047313741787136','db1_test_655','2022-03-17 09:48:01','db1_test_655','2022-03-17 09:48:01','db1_test_655'),
    ('689047313758564352','db1_test_656','2022-03-17 09:48:01','db1_test_656','2022-03-17 09:48:01','db1_test_656'),
    ('689047313775341568','db1_test_657','2022-03-17 09:48:01','db1_test_657','2022-03-17 09:48:01','db1_test_657'),
    ('689047313792118784','db1_test_658','2022-03-17 09:48:01','db1_test_658','2022-03-17 09:48:01','db1_test_658'),
    ('689047313804701696','db1_test_659','2022-03-17 09:48:01','db1_test_659','2022-03-17 09:48:01','db1_test_659'),
    ('689047313829867520','db1_test_660','2022-03-17 09:48:01','db1_test_660','2022-03-17 09:48:01','db1_test_660'),
    ('689047313850839040','db1_test_661','2022-03-17 09:48:02','db1_test_661','2022-03-17 09:48:02','db1_test_661'),
    ('689047313880199168','db1_test_662','2022-03-17 09:48:02','db1_test_662','2022-03-17 09:48:02','db1_test_662'),
    ('689047313896976384','db1_test_663','2022-03-17 09:48:02','db1_test_663','2022-03-17 09:48:02','db1_test_663'),
    ('689047313922142208','db1_test_664','2022-03-17 09:48:02','db1_test_664','2022-03-17 09:48:02','db1_test_664'),
    ('689047313951502336','db1_test_665','2022-03-17 09:48:02','db1_test_665','2022-03-17 09:48:02','db1_test_665'),
    ('689047313972473856','db1_test_666','2022-03-17 09:48:02','db1_test_666','2022-03-17 09:48:02','db1_test_666'),
    ('689047314001833984','db1_test_667','2022-03-17 09:48:02','db1_test_667','2022-03-17 09:48:02','db1_test_667'),
    ('689047314022805504','db1_test_668','2022-03-17 09:48:02','db1_test_668','2022-03-17 09:48:02','db1_test_668'),
    ('689047314043777024','db1_test_669','2022-03-17 09:48:02','db1_test_669','2022-03-17 09:48:02','db1_test_669'),
    ('689047314064748544','db1_test_670','2022-03-17 09:48:02','db1_test_670','2022-03-17 09:48:02','db1_test_670'),
    ('689047314098302976','db1_test_671','2022-03-17 09:48:02','db1_test_671','2022-03-17 09:48:02','db1_test_671'),
    ('689047314127663104','db1_test_672','2022-03-17 09:48:02','db1_test_672','2022-03-17 09:48:02','db1_test_672'),
    ('689047314157023232','db1_test_673','2022-03-17 09:48:02','db1_test_673','2022-03-17 09:48:02','db1_test_673'),
    ('689047314182189056','db1_test_674','2022-03-17 09:48:02','db1_test_674','2022-03-17 09:48:02','db1_test_674'),
    ('689047314211549184','db1_test_675','2022-03-17 09:48:02','db1_test_675','2022-03-17 09:48:02','db1_test_675'),
    ('689047314232520704','db1_test_676','2022-03-17 09:48:02','db1_test_676','2022-03-17 09:48:02','db1_test_676'),
    ('689047314249297920','db1_test_677','2022-03-17 09:48:02','db1_test_677','2022-03-17 09:48:02','db1_test_677'),
    ('689047314274463744','db1_test_678','2022-03-17 09:48:02','db1_test_678','2022-03-17 09:48:02','db1_test_678'),
    ('689047314287046656','db1_test_679','2022-03-17 09:48:02','db1_test_679','2022-03-17 09:48:02','db1_test_679'),
    ('689047314299629568','db1_test_680','2022-03-17 09:48:02','db1_test_680','2022-03-17 09:48:02','db1_test_680'),
    ('689047314312212480','db1_test_681','2022-03-17 09:48:02','db1_test_681','2022-03-17 09:48:02','db1_test_681'),
    ('689047314324795392','db1_test_682','2022-03-17 09:48:02','db1_test_682','2022-03-17 09:48:02','db1_test_682'),
    ('689047314337378304','db1_test_683','2022-03-17 09:48:02','db1_test_683','2022-03-17 09:48:02','db1_test_683'),
    ('689047314349961216','db1_test_684','2022-03-17 09:48:02','db1_test_684','2022-03-17 09:48:02','db1_test_684'),
    ('689047314362544128','db1_test_685','2022-03-17 09:48:02','db1_test_685','2022-03-17 09:48:02','db1_test_685'),
    ('689047314375127040','db1_test_686','2022-03-17 09:48:02','db1_test_686','2022-03-17 09:48:02','db1_test_686'),
    ('689047314387709952','db1_test_687','2022-03-17 09:48:02','db1_test_687','2022-03-17 09:48:02','db1_test_687'),
    ('689047314396098560','db1_test_688','2022-03-17 09:48:02','db1_test_688','2022-03-17 09:48:02','db1_test_688'),
    ('689047314408681472','db1_test_689','2022-03-17 09:48:02','db1_test_689','2022-03-17 09:48:02','db1_test_689'),
    ('689047314417070080','db1_test_690','2022-03-17 09:48:02','db1_test_690','2022-03-17 09:48:02','db1_test_690'),
    ('689047314425458688','db1_test_691','2022-03-17 09:48:02','db1_test_691','2022-03-17 09:48:02','db1_test_691'),
    ('689047314438041600','db1_test_692','2022-03-17 09:48:02','db1_test_692','2022-03-17 09:48:02','db1_test_692'),
    ('689047314446430208','db1_test_693','2022-03-17 09:48:02','db1_test_693','2022-03-17 09:48:02','db1_test_693'),
    ('689047314459013120','db1_test_694','2022-03-17 09:48:02','db1_test_694','2022-03-17 09:48:02','db1_test_694'),
    ('689047314467401728','db1_test_695','2022-03-17 09:48:02','db1_test_695','2022-03-17 09:48:02','db1_test_695'),
    ('689047314479984640','db1_test_696','2022-03-17 09:48:02','db1_test_696','2022-03-17 09:48:02','db1_test_696'),
    ('689047314488373248','db1_test_697','2022-03-17 09:48:02','db1_test_697','2022-03-17 09:48:02','db1_test_697'),
    ('689047314496761856','db1_test_698','2022-03-17 09:48:02','db1_test_698','2022-03-17 09:48:02','db1_test_698'),
    ('689047314505150464','db1_test_699','2022-03-17 09:48:02','db1_test_699','2022-03-17 09:48:02','db1_test_699'),
    ('689047314517733376','db1_test_700','2022-03-17 09:48:02','db1_test_700','2022-03-17 09:48:02','db1_test_700'),
    ('689047314526121984','db1_test_701','2022-03-17 09:48:02','db1_test_701','2022-03-17 09:48:02','db1_test_701'),
    ('689047314534510592','db1_test_702','2022-03-17 09:48:02','db1_test_702','2022-03-17 09:48:02','db1_test_702'),
    ('689047314547093504','db1_test_703','2022-03-17 09:48:02','db1_test_703','2022-03-17 09:48:02','db1_test_703'),
    ('689047314555482112','db1_test_704','2022-03-17 09:48:02','db1_test_704','2022-03-17 09:48:02','db1_test_704'),
    ('689047314568065024','db1_test_705','2022-03-17 09:48:02','db1_test_705','2022-03-17 09:48:02','db1_test_705'),
    ('689047314580647936','db1_test_706','2022-03-17 09:48:02','db1_test_706','2022-03-17 09:48:02','db1_test_706'),
    ('689047314593230848','db1_test_707','2022-03-17 09:48:02','db1_test_707','2022-03-17 09:48:02','db1_test_707'),
    ('689047314601619456','db1_test_708','2022-03-17 09:48:02','db1_test_708','2022-03-17 09:48:02','db1_test_708'),
    ('689047314618396672','db1_test_709','2022-03-17 09:48:02','db1_test_709','2022-03-17 09:48:02','db1_test_709'),
    ('689047314643562496','db1_test_710','2022-03-17 09:48:02','db1_test_710','2022-03-17 09:48:02','db1_test_710'),
    ('689047314660339712','db1_test_711','2022-03-17 09:48:02','db1_test_711','2022-03-17 09:48:02','db1_test_711'),
    ('689047314685505536','db1_test_712','2022-03-17 09:48:02','db1_test_712','2022-03-17 09:48:02','db1_test_712'),
    ('689047314702282752','db1_test_713','2022-03-17 09:48:02','db1_test_713','2022-03-17 09:48:02','db1_test_713'),
    ('689047314719059968','db1_test_714','2022-03-17 09:48:02','db1_test_714','2022-03-17 09:48:02','db1_test_714'),
    ('689047314735837184','db1_test_715','2022-03-17 09:48:02','db1_test_715','2022-03-17 09:48:02','db1_test_715'),
    ('689047314761003008','db1_test_716','2022-03-17 09:48:02','db1_test_716','2022-03-17 09:48:02','db1_test_716'),
    ('689047314781974528','db1_test_717','2022-03-17 09:48:02','db1_test_717','2022-03-17 09:48:02','db1_test_717'),
    ('689047314798751744','db1_test_718','2022-03-17 09:48:02','db1_test_718','2022-03-17 09:48:02','db1_test_718'),
    ('689047314819723264','db1_test_719','2022-03-17 09:48:02','db1_test_719','2022-03-17 09:48:02','db1_test_719'),
    ('689047314840694784','db1_test_720','2022-03-17 09:48:02','db1_test_720','2022-03-17 09:48:02','db1_test_720'),
    ('689047314857472000','db1_test_721','2022-03-17 09:48:02','db1_test_721','2022-03-17 09:48:02','db1_test_721'),
    ('689047314882637824','db1_test_722','2022-03-17 09:48:02','db1_test_722','2022-03-17 09:48:02','db1_test_722'),
    ('689047314899415040','db1_test_723','2022-03-17 09:48:02','db1_test_723','2022-03-17 09:48:02','db1_test_723'),
    ('689047314924580864','db1_test_724','2022-03-17 09:48:02','db1_test_724','2022-03-17 09:48:02','db1_test_724'),
    ('689047314949746688','db1_test_725','2022-03-17 09:48:02','db1_test_725','2022-03-17 09:48:02','db1_test_725'),
    ('689047314974912512','db1_test_726','2022-03-17 09:48:02','db1_test_726','2022-03-17 09:48:02','db1_test_726'),
    ('689047315000078336','db1_test_727','2022-03-17 09:48:02','db1_test_727','2022-03-17 09:48:02','db1_test_727'),
    ('689047315016855552','db1_test_728','2022-03-17 09:48:02','db1_test_728','2022-03-17 09:48:02','db1_test_728'),
    ('689047315037827072','db1_test_729','2022-03-17 09:48:02','db1_test_729','2022-03-17 09:48:02','db1_test_729'),
    ('689047315062992896','db1_test_730','2022-03-17 09:48:02','db1_test_730','2022-03-17 09:48:02','db1_test_730'),
    ('689047315083964416','db1_test_731','2022-03-17 09:48:02','db1_test_731','2022-03-17 09:48:02','db1_test_731'),
    ('689047315092353024','db1_test_732','2022-03-17 09:48:02','db1_test_732','2022-03-17 09:48:02','db1_test_732'),
    ('689047315100741632','db1_test_733','2022-03-17 09:48:02','db1_test_733','2022-03-17 09:48:02','db1_test_733'),
    ('689047315109130240','db1_test_734','2022-03-17 09:48:02','db1_test_734','2022-03-17 09:48:02','db1_test_734'),
    ('689047315121713152','db1_test_735','2022-03-17 09:48:02','db1_test_735','2022-03-17 09:48:02','db1_test_735'),
    ('689047315130101760','db1_test_736','2022-03-17 09:48:02','db1_test_736','2022-03-17 09:48:02','db1_test_736'),
    ('689047315138490368','db1_test_737','2022-03-17 09:48:02','db1_test_737','2022-03-17 09:48:02','db1_test_737'),
    ('689047315146878976','db1_test_738','2022-03-17 09:48:02','db1_test_738','2022-03-17 09:48:02','db1_test_738'),
    ('689047315155267584','db1_test_739','2022-03-17 09:48:02','db1_test_739','2022-03-17 09:48:02','db1_test_739'),
    ('689047315163656192','db1_test_740','2022-03-17 09:48:02','db1_test_740','2022-03-17 09:48:02','db1_test_740'),
    ('689047315180433408','db1_test_741','2022-03-17 09:48:02','db1_test_741','2022-03-17 09:48:02','db1_test_741'),
    ('689047315193016320','db1_test_742','2022-03-17 09:48:02','db1_test_742','2022-03-17 09:48:02','db1_test_742'),
    ('689047315201404928','db1_test_743','2022-03-17 09:48:02','db1_test_743','2022-03-17 09:48:02','db1_test_743'),
    ('689047315209793536','db1_test_744','2022-03-17 09:48:02','db1_test_744','2022-03-17 09:48:02','db1_test_744'),
    ('689047315222376448','db1_test_745','2022-03-17 09:48:02','db1_test_745','2022-03-17 09:48:02','db1_test_745'),
    ('689047315230765056','db1_test_746','2022-03-17 09:48:02','db1_test_746','2022-03-17 09:48:02','db1_test_746'),
    ('689047315239153664','db1_test_747','2022-03-17 09:48:02','db1_test_747','2022-03-17 09:48:02','db1_test_747'),
    ('689047315255930880','db1_test_748','2022-03-17 09:48:02','db1_test_748','2022-03-17 09:48:02','db1_test_748'),
    ('689047315268513792','db1_test_749','2022-03-17 09:48:02','db1_test_749','2022-03-17 09:48:02','db1_test_749'),
    ('689047315276902400','db1_test_750','2022-03-17 09:48:02','db1_test_750','2022-03-17 09:48:02','db1_test_750'),
    ('689047315285291008','db1_test_751','2022-03-17 09:48:02','db1_test_751','2022-03-17 09:48:02','db1_test_751'),
    ('689047315293679616','db1_test_752','2022-03-17 09:48:02','db1_test_752','2022-03-17 09:48:02','db1_test_752'),
    ('689047315302068224','db1_test_753','2022-03-17 09:48:02','db1_test_753','2022-03-17 09:48:02','db1_test_753'),
    ('689047315310456832','db1_test_754','2022-03-17 09:48:02','db1_test_754','2022-03-17 09:48:02','db1_test_754'),
    ('689047315318845440','db1_test_755','2022-03-17 09:48:02','db1_test_755','2022-03-17 09:48:02','db1_test_755'),
    ('689047315327234048','db1_test_756','2022-03-17 09:48:02','db1_test_756','2022-03-17 09:48:02','db1_test_756'),
    ('689047315335622656','db1_test_757','2022-03-17 09:48:02','db1_test_757','2022-03-17 09:48:02','db1_test_757'),
    ('689047315344011264','db1_test_758','2022-03-17 09:48:02','db1_test_758','2022-03-17 09:48:02','db1_test_758'),
    ('689047315352399872','db1_test_759','2022-03-17 09:48:02','db1_test_759','2022-03-17 09:48:02','db1_test_759'),
    ('689047315360788480','db1_test_760','2022-03-17 09:48:02','db1_test_760','2022-03-17 09:48:02','db1_test_760'),
    ('689047315364982784','db1_test_761','2022-03-17 09:48:02','db1_test_761','2022-03-17 09:48:02','db1_test_761'),
    ('689047315373371392','db1_test_762','2022-03-17 09:48:02','db1_test_762','2022-03-17 09:48:02','db1_test_762'),
    ('689047315381760000','db1_test_763','2022-03-17 09:48:02','db1_test_763','2022-03-17 09:48:02','db1_test_763'),
    ('689047315390148608','db1_test_764','2022-03-17 09:48:02','db1_test_764','2022-03-17 09:48:02','db1_test_764'),
    ('689047315398537216','db1_test_765','2022-03-17 09:48:02','db1_test_765','2022-03-17 09:48:02','db1_test_765'),
    ('689047315406925824','db1_test_766','2022-03-17 09:48:02','db1_test_766','2022-03-17 09:48:02','db1_test_766'),
    ('689047315419508736','db1_test_767','2022-03-17 09:48:02','db1_test_767','2022-03-17 09:48:02','db1_test_767'),
    ('689047315432091648','db1_test_768','2022-03-17 09:48:02','db1_test_768','2022-03-17 09:48:02','db1_test_768'),
    ('689047315457257472','db1_test_769','2022-03-17 09:48:02','db1_test_769','2022-03-17 09:48:02','db1_test_769'),
    ('689047315482423296','db1_test_770','2022-03-17 09:48:02','db1_test_770','2022-03-17 09:48:02','db1_test_770'),
    ('689047315511783424','db1_test_771','2022-03-17 09:48:02','db1_test_771','2022-03-17 09:48:02','db1_test_771'),
    ('689047315536949248','db1_test_772','2022-03-17 09:48:02','db1_test_772','2022-03-17 09:48:02','db1_test_772'),
    ('689047315562115072','db1_test_773','2022-03-17 09:48:02','db1_test_773','2022-03-17 09:48:02','db1_test_773'),
    ('689047315595669504','db1_test_774','2022-03-17 09:48:02','db1_test_774','2022-03-17 09:48:02','db1_test_774'),
    ('689047315629223936','db1_test_775','2022-03-17 09:48:02','db1_test_775','2022-03-17 09:48:02','db1_test_775'),
    ('689047315654389760','db1_test_776','2022-03-17 09:48:02','db1_test_776','2022-03-17 09:48:02','db1_test_776'),
    ('689047315683749888','db1_test_777','2022-03-17 09:48:02','db1_test_777','2022-03-17 09:48:02','db1_test_777'),
    ('689047315713110016','db1_test_778','2022-03-17 09:48:02','db1_test_778','2022-03-17 09:48:02','db1_test_778'),
    ('689047315734081536','db1_test_779','2022-03-17 09:48:02','db1_test_779','2022-03-17 09:48:02','db1_test_779'),
    ('689047315763441664','db1_test_780','2022-03-17 09:48:02','db1_test_780','2022-03-17 09:48:02','db1_test_780'),
    ('689047315796996096','db1_test_781','2022-03-17 09:48:02','db1_test_781','2022-03-17 09:48:02','db1_test_781'),
    ('689047315817967616','db1_test_782','2022-03-17 09:48:02','db1_test_782','2022-03-17 09:48:02','db1_test_782'),
    ('689047315843133440','db1_test_783','2022-03-17 09:48:02','db1_test_783','2022-03-17 09:48:02','db1_test_783'),
    ('689047315868299264','db1_test_784','2022-03-17 09:48:02','db1_test_784','2022-03-17 09:48:02','db1_test_784'),
    ('689047315889270784','db1_test_785','2022-03-17 09:48:02','db1_test_785','2022-03-17 09:48:02','db1_test_785'),
    ('689047315918630912','db1_test_786','2022-03-17 09:48:02','db1_test_786','2022-03-17 09:48:02','db1_test_786'),
    ('689047315947991040','db1_test_787','2022-03-17 09:48:02','db1_test_787','2022-03-17 09:48:02','db1_test_787'),
    ('689047315973156864','db1_test_788','2022-03-17 09:48:02','db1_test_788','2022-03-17 09:48:02','db1_test_788'),
    ('689047315989934080','db1_test_789','2022-03-17 09:48:02','db1_test_789','2022-03-17 09:48:02','db1_test_789'),
    ('689047316002516992','db1_test_790','2022-03-17 09:48:02','db1_test_790','2022-03-17 09:48:02','db1_test_790'),
    ('689047316010905600','db1_test_791','2022-03-17 09:48:02','db1_test_791','2022-03-17 09:48:02','db1_test_791'),
    ('689047316023488512','db1_test_792','2022-03-17 09:48:02','db1_test_792','2022-03-17 09:48:02','db1_test_792'),
    ('689047316036071424','db1_test_793','2022-03-17 09:48:02','db1_test_793','2022-03-17 09:48:02','db1_test_793'),
    ('689047316048654336','db1_test_794','2022-03-17 09:48:02','db1_test_794','2022-03-17 09:48:02','db1_test_794'),
    ('689047316061237248','db1_test_795','2022-03-17 09:48:02','db1_test_795','2022-03-17 09:48:02','db1_test_795'),
    ('689047316069625856','db1_test_796','2022-03-17 09:48:02','db1_test_796','2022-03-17 09:48:02','db1_test_796'),
    ('689047316082208768','db1_test_797','2022-03-17 09:48:02','db1_test_797','2022-03-17 09:48:02','db1_test_797'),
    ('689047316094791680','db1_test_798','2022-03-17 09:48:02','db1_test_798','2022-03-17 09:48:02','db1_test_798'),
    ('689047316107374592','db1_test_799','2022-03-17 09:48:02','db1_test_799','2022-03-17 09:48:02','db1_test_799'),
    ('689047316115763200','db1_test_800','2022-03-17 09:48:02','db1_test_800','2022-03-17 09:48:02','db1_test_800'),
    ('689047316128346112','db1_test_801','2022-03-17 09:48:02','db1_test_801','2022-03-17 09:48:02','db1_test_801'),
    ('689047316136734720','db1_test_802','2022-03-17 09:48:02','db1_test_802','2022-03-17 09:48:02','db1_test_802'),
    ('689047316149317632','db1_test_803','2022-03-17 09:48:02','db1_test_803','2022-03-17 09:48:02','db1_test_803'),
    ('689047316157706240','db1_test_804','2022-03-17 09:48:02','db1_test_804','2022-03-17 09:48:02','db1_test_804'),
    ('689047316170289152','db1_test_805','2022-03-17 09:48:02','db1_test_805','2022-03-17 09:48:02','db1_test_805'),
    ('689047316178677760','db1_test_806','2022-03-17 09:48:02','db1_test_806','2022-03-17 09:48:02','db1_test_806'),
    ('689047316191260672','db1_test_807','2022-03-17 09:48:02','db1_test_807','2022-03-17 09:48:02','db1_test_807'),
    ('689047316199649280','db1_test_808','2022-03-17 09:48:02','db1_test_808','2022-03-17 09:48:02','db1_test_808'),
    ('689047316212232192','db1_test_809','2022-03-17 09:48:02','db1_test_809','2022-03-17 09:48:02','db1_test_809'),
    ('689047316220620800','db1_test_810','2022-03-17 09:48:02','db1_test_810','2022-03-17 09:48:02','db1_test_810'),
    ('689047316233203712','db1_test_811','2022-03-17 09:48:02','db1_test_811','2022-03-17 09:48:02','db1_test_811'),
    ('689047316245786624','db1_test_812','2022-03-17 09:48:02','db1_test_812','2022-03-17 09:48:02','db1_test_812'),
    ('689047316258369536','db1_test_813','2022-03-17 09:48:02','db1_test_813','2022-03-17 09:48:02','db1_test_813'),
    ('689047316270952448','db1_test_814','2022-03-17 09:48:02','db1_test_814','2022-03-17 09:48:02','db1_test_814'),
    ('689047316287729664','db1_test_815','2022-03-17 09:48:02','db1_test_815','2022-03-17 09:48:02','db1_test_815'),
    ('689047316317089792','db1_test_816','2022-03-17 09:48:02','db1_test_816','2022-03-17 09:48:02','db1_test_816'),
    ('689047316338061312','db1_test_817','2022-03-17 09:48:02','db1_test_817','2022-03-17 09:48:02','db1_test_817'),
    ('689047316363227136','db1_test_818','2022-03-17 09:48:02','db1_test_818','2022-03-17 09:48:02','db1_test_818'),
    ('689047316392587264','db1_test_819','2022-03-17 09:48:02','db1_test_819','2022-03-17 09:48:02','db1_test_819'),
    ('689047316413558784','db1_test_820','2022-03-17 09:48:02','db1_test_820','2022-03-17 09:48:02','db1_test_820'),
    ('689047316442918912','db1_test_821','2022-03-17 09:48:02','db1_test_821','2022-03-17 09:48:02','db1_test_821'),
    ('689047316476473344','db1_test_822','2022-03-17 09:48:02','db1_test_822','2022-03-17 09:48:02','db1_test_822'),
    ('689047316505833472','db1_test_823','2022-03-17 09:48:02','db1_test_823','2022-03-17 09:48:02','db1_test_823'),
    ('689047316518416384','db1_test_824','2022-03-17 09:48:02','db1_test_824','2022-03-17 09:48:02','db1_test_824'),
    ('689047316535193600','db1_test_825','2022-03-17 09:48:02','db1_test_825','2022-03-17 09:48:02','db1_test_825'),
    ('689047316556165120','db1_test_826','2022-03-17 09:48:02','db1_test_826','2022-03-17 09:48:02','db1_test_826'),
    ('689047316585525248','db1_test_827','2022-03-17 09:48:02','db1_test_827','2022-03-17 09:48:02','db1_test_827'),
    ('689047316610691072','db1_test_828','2022-03-17 09:48:02','db1_test_828','2022-03-17 09:48:02','db1_test_828'),
    ('689047316640051200','db1_test_829','2022-03-17 09:48:02','db1_test_829','2022-03-17 09:48:02','db1_test_829'),
    ('689047316665217024','db1_test_830','2022-03-17 09:48:02','db1_test_830','2022-03-17 09:48:02','db1_test_830'),
    ('689047316694577152','db1_test_831','2022-03-17 09:48:02','db1_test_831','2022-03-17 09:48:02','db1_test_831'),
    ('689047316719742976','db1_test_832','2022-03-17 09:48:02','db1_test_832','2022-03-17 09:48:02','db1_test_832'),
    ('689047316744908800','db1_test_833','2022-03-17 09:48:02','db1_test_833','2022-03-17 09:48:02','db1_test_833'),
    ('689047316765880320','db1_test_834','2022-03-17 09:48:02','db1_test_834','2022-03-17 09:48:02','db1_test_834'),
    ('689047316786851840','db1_test_835','2022-03-17 09:48:02','db1_test_835','2022-03-17 09:48:02','db1_test_835'),
    ('689047316799434752','db1_test_836','2022-03-17 09:48:02','db1_test_836','2022-03-17 09:48:02','db1_test_836'),
    ('689047316812017664','db1_test_837','2022-03-17 09:48:02','db1_test_837','2022-03-17 09:48:02','db1_test_837'),
    ('689047316824600576','db1_test_838','2022-03-17 09:48:02','db1_test_838','2022-03-17 09:48:02','db1_test_838'),
    ('689047316837183488','db1_test_839','2022-03-17 09:48:02','db1_test_839','2022-03-17 09:48:02','db1_test_839'),
    ('689047316849766400','db1_test_840','2022-03-17 09:48:02','db1_test_840','2022-03-17 09:48:02','db1_test_840'),
    ('689047316870737920','db1_test_841','2022-03-17 09:48:02','db1_test_841','2022-03-17 09:48:02','db1_test_841'),
    ('689047316883320832','db1_test_842','2022-03-17 09:48:02','db1_test_842','2022-03-17 09:48:02','db1_test_842'),
    ('689047316904292352','db1_test_843','2022-03-17 09:48:02','db1_test_843','2022-03-17 09:48:02','db1_test_843'),
    ('689047316921069568','db1_test_844','2022-03-17 09:48:02','db1_test_844','2022-03-17 09:48:02','db1_test_844'),
    ('689047316933652480','db1_test_845','2022-03-17 09:48:02','db1_test_845','2022-03-17 09:48:02','db1_test_845'),
    ('689047316942041088','db1_test_846','2022-03-17 09:48:02','db1_test_846','2022-03-17 09:48:02','db1_test_846'),
    ('689047316954624000','db1_test_847','2022-03-17 09:48:02','db1_test_847','2022-03-17 09:48:02','db1_test_847'),
    ('689047316967206912','db1_test_848','2022-03-17 09:48:02','db1_test_848','2022-03-17 09:48:02','db1_test_848'),
    ('689047316979789824','db1_test_849','2022-03-17 09:48:02','db1_test_849','2022-03-17 09:48:02','db1_test_849'),
    ('689047316992372736','db1_test_850','2022-03-17 09:48:02','db1_test_850','2022-03-17 09:48:02','db1_test_850'),
    ('689047317004955648','db1_test_851','2022-03-17 09:48:02','db1_test_851','2022-03-17 09:48:02','db1_test_851'),
    ('689047317017538560','db1_test_852','2022-03-17 09:48:02','db1_test_852','2022-03-17 09:48:02','db1_test_852'),
    ('689047317030121472','db1_test_853','2022-03-17 09:48:02','db1_test_853','2022-03-17 09:48:02','db1_test_853'),
    ('689047317038510080','db1_test_854','2022-03-17 09:48:02','db1_test_854','2022-03-17 09:48:02','db1_test_854'),
    ('689047317051092992','db1_test_855','2022-03-17 09:48:02','db1_test_855','2022-03-17 09:48:02','db1_test_855'),
    ('689047317063675904','db1_test_856','2022-03-17 09:48:02','db1_test_856','2022-03-17 09:48:02','db1_test_856'),
    ('689047317076258816','db1_test_857','2022-03-17 09:48:02','db1_test_857','2022-03-17 09:48:02','db1_test_857'),
    ('689047317088841728','db1_test_858','2022-03-17 09:48:02','db1_test_858','2022-03-17 09:48:02','db1_test_858'),
    ('689047317101424640','db1_test_859','2022-03-17 09:48:02','db1_test_859','2022-03-17 09:48:02','db1_test_859'),
    ('689047317114007552','db1_test_860','2022-03-17 09:48:02','db1_test_860','2022-03-17 09:48:02','db1_test_860'),
    ('689047317126590464','db1_test_861','2022-03-17 09:48:02','db1_test_861','2022-03-17 09:48:02','db1_test_861'),
    ('689047317139173376','db1_test_862','2022-03-17 09:48:02','db1_test_862','2022-03-17 09:48:02','db1_test_862'),
    ('689047317160144896','db1_test_863','2022-03-17 09:48:02','db1_test_863','2022-03-17 09:48:02','db1_test_863'),
    ('689047317181116416','db1_test_864','2022-03-17 09:48:02','db1_test_864','2022-03-17 09:48:02','db1_test_864'),
    ('689047317206282240','db1_test_865','2022-03-17 09:48:02','db1_test_865','2022-03-17 09:48:02','db1_test_865'),
    ('689047317227253760','db1_test_866','2022-03-17 09:48:02','db1_test_866','2022-03-17 09:48:02','db1_test_866'),
    ('689047317252419584','db1_test_867','2022-03-17 09:48:02','db1_test_867','2022-03-17 09:48:02','db1_test_867'),
    ('689047317277585408','db1_test_868','2022-03-17 09:48:02','db1_test_868','2022-03-17 09:48:02','db1_test_868'),
    ('689047317306945536','db1_test_869','2022-03-17 09:48:02','db1_test_869','2022-03-17 09:48:02','db1_test_869'),
    ('689047317332111360','db1_test_870','2022-03-17 09:48:02','db1_test_870','2022-03-17 09:48:02','db1_test_870'),
    ('689047317357277184','db1_test_871','2022-03-17 09:48:02','db1_test_871','2022-03-17 09:48:02','db1_test_871'),
    ('689047317382443008','db1_test_872','2022-03-17 09:48:02','db1_test_872','2022-03-17 09:48:02','db1_test_872'),
    ('689047317407608832','db1_test_873','2022-03-17 09:48:02','db1_test_873','2022-03-17 09:48:02','db1_test_873'),
    ('689047317432774656','db1_test_874','2022-03-17 09:48:02','db1_test_874','2022-03-17 09:48:02','db1_test_874'),
    ('689047317466329088','db1_test_875','2022-03-17 09:48:02','db1_test_875','2022-03-17 09:48:02','db1_test_875'),
    ('689047317495689216','db1_test_876','2022-03-17 09:48:02','db1_test_876','2022-03-17 09:48:02','db1_test_876'),
    ('689047317520855040','db1_test_877','2022-03-17 09:48:02','db1_test_877','2022-03-17 09:48:02','db1_test_877'),
    ('689047317546020864','db1_test_878','2022-03-17 09:48:02','db1_test_878','2022-03-17 09:48:02','db1_test_878'),
    ('689047317566992384','db1_test_879','2022-03-17 09:48:02','db1_test_879','2022-03-17 09:48:02','db1_test_879'),
    ('689047317592158208','db1_test_880','2022-03-17 09:48:02','db1_test_880','2022-03-17 09:48:02','db1_test_880'),
    ('689047317617324032','db1_test_881','2022-03-17 09:48:02','db1_test_881','2022-03-17 09:48:02','db1_test_881'),
    ('689047317638295552','db1_test_882','2022-03-17 09:48:02','db1_test_882','2022-03-17 09:48:02','db1_test_882'),
    ('689047317650878464','db1_test_883','2022-03-17 09:48:02','db1_test_883','2022-03-17 09:48:02','db1_test_883'),
    ('689047317667655680','db1_test_884','2022-03-17 09:48:02','db1_test_884','2022-03-17 09:48:02','db1_test_884'),
    ('689047317684432896','db1_test_885','2022-03-17 09:48:02','db1_test_885','2022-03-17 09:48:02','db1_test_885'),
    ('689047317697015808','db1_test_886','2022-03-17 09:48:02','db1_test_886','2022-03-17 09:48:02','db1_test_886'),
    ('689047317709598720','db1_test_887','2022-03-17 09:48:02','db1_test_887','2022-03-17 09:48:02','db1_test_887'),
    ('689047317717987328','db1_test_888','2022-03-17 09:48:02','db1_test_888','2022-03-17 09:48:02','db1_test_888'),
    ('689047317730570240','db1_test_889','2022-03-17 09:48:02','db1_test_889','2022-03-17 09:48:02','db1_test_889'),
    ('689047317743153152','db1_test_890','2022-03-17 09:48:02','db1_test_890','2022-03-17 09:48:02','db1_test_890'),
    ('689047317751541760','db1_test_891','2022-03-17 09:48:02','db1_test_891','2022-03-17 09:48:02','db1_test_891'),
    ('689047317759930368','db1_test_892','2022-03-17 09:48:02','db1_test_892','2022-03-17 09:48:02','db1_test_892'),
    ('689047317768318976','db1_test_893','2022-03-17 09:48:02','db1_test_893','2022-03-17 09:48:02','db1_test_893'),
    ('689047317780901888','db1_test_894','2022-03-17 09:48:02','db1_test_894','2022-03-17 09:48:02','db1_test_894'),
    ('689047317793484800','db1_test_895','2022-03-17 09:48:02','db1_test_895','2022-03-17 09:48:02','db1_test_895'),
    ('689047317801873408','db1_test_896','2022-03-17 09:48:02','db1_test_896','2022-03-17 09:48:02','db1_test_896'),
    ('689047317814456320','db1_test_897','2022-03-17 09:48:02','db1_test_897','2022-03-17 09:48:02','db1_test_897'),
    ('689047317822844928','db1_test_898','2022-03-17 09:48:02','db1_test_898','2022-03-17 09:48:02','db1_test_898'),
    ('689047317839622144','db1_test_899','2022-03-17 09:48:02','db1_test_899','2022-03-17 09:48:02','db1_test_899'),
    ('689047317852205056','db1_test_900','2022-03-17 09:48:02','db1_test_900','2022-03-17 09:48:02','db1_test_900'),
    ('689047317860593664','db1_test_901','2022-03-17 09:48:02','db1_test_901','2022-03-17 09:48:02','db1_test_901'),
    ('689047317873176576','db1_test_902','2022-03-17 09:48:02','db1_test_902','2022-03-17 09:48:02','db1_test_902'),
    ('689047317881565184','db1_test_903','2022-03-17 09:48:02','db1_test_903','2022-03-17 09:48:02','db1_test_903'),
    ('689047317889953792','db1_test_904','2022-03-17 09:48:02','db1_test_904','2022-03-17 09:48:02','db1_test_904'),
    ('689047317898342400','db1_test_905','2022-03-17 09:48:02','db1_test_905','2022-03-17 09:48:02','db1_test_905'),
    ('689047317906731008','db1_test_906','2022-03-17 09:48:02','db1_test_906','2022-03-17 09:48:02','db1_test_906'),
    ('689047317915119616','db1_test_907','2022-03-17 09:48:02','db1_test_907','2022-03-17 09:48:02','db1_test_907'),
    ('689047317919313920','db1_test_908','2022-03-17 09:48:02','db1_test_908','2022-03-17 09:48:02','db1_test_908'),
    ('689047317927702528','db1_test_909','2022-03-17 09:48:02','db1_test_909','2022-03-17 09:48:02','db1_test_909'),
    ('689047317936091136','db1_test_910','2022-03-17 09:48:02','db1_test_910','2022-03-17 09:48:02','db1_test_910'),
    ('689047317948674048','db1_test_911','2022-03-17 09:48:02','db1_test_911','2022-03-17 09:48:02','db1_test_911'),
    ('689047317957062656','db1_test_912','2022-03-17 09:48:02','db1_test_912','2022-03-17 09:48:02','db1_test_912'),
    ('689047317965451264','db1_test_913','2022-03-17 09:48:02','db1_test_913','2022-03-17 09:48:02','db1_test_913'),
    ('689047317973839872','db1_test_914','2022-03-17 09:48:02','db1_test_914','2022-03-17 09:48:02','db1_test_914'),
    ('689047317982228480','db1_test_915','2022-03-17 09:48:02','db1_test_915','2022-03-17 09:48:02','db1_test_915'),
    ('689047317999005696','db1_test_916','2022-03-17 09:48:02','db1_test_916','2022-03-17 09:48:02','db1_test_916'),
    ('689047318024171520','db1_test_917','2022-03-17 09:48:02','db1_test_917','2022-03-17 09:48:02','db1_test_917'),
    ('689047318045143040','db1_test_918','2022-03-17 09:48:03','db1_test_918','2022-03-17 09:48:03','db1_test_918'),
    ('689047318070308864','db1_test_919','2022-03-17 09:48:03','db1_test_919','2022-03-17 09:48:03','db1_test_919'),
    ('689047318087086080','db1_test_920','2022-03-17 09:48:03','db1_test_920','2022-03-17 09:48:03','db1_test_920'),
    ('689047318108057600','db1_test_921','2022-03-17 09:48:03','db1_test_921','2022-03-17 09:48:03','db1_test_921'),
    ('689047318120640512','db1_test_922','2022-03-17 09:48:03','db1_test_922','2022-03-17 09:48:03','db1_test_922'),
    ('689047318133223424','db1_test_923','2022-03-17 09:48:03','db1_test_923','2022-03-17 09:48:03','db1_test_923'),
    ('689047318154194944','db1_test_924','2022-03-17 09:48:03','db1_test_924','2022-03-17 09:48:03','db1_test_924'),
    ('689047318175166464','db1_test_925','2022-03-17 09:48:03','db1_test_925','2022-03-17 09:48:03','db1_test_925'),
    ('689047318196137984','db1_test_926','2022-03-17 09:48:03','db1_test_926','2022-03-17 09:48:03','db1_test_926'),
    ('689047318221303808','db1_test_927','2022-03-17 09:48:03','db1_test_927','2022-03-17 09:48:03','db1_test_927'),
    ('689047318242275328','db1_test_928','2022-03-17 09:48:03','db1_test_928','2022-03-17 09:48:03','db1_test_928'),
    ('689047318267441152','db1_test_929','2022-03-17 09:48:03','db1_test_929','2022-03-17 09:48:03','db1_test_929'),
    ('689047318292606976','db1_test_930','2022-03-17 09:48:03','db1_test_930','2022-03-17 09:48:03','db1_test_930'),
    ('689047318317772800','db1_test_931','2022-03-17 09:48:03','db1_test_931','2022-03-17 09:48:03','db1_test_931'),
    ('689047318347132928','db1_test_932','2022-03-17 09:48:03','db1_test_932','2022-03-17 09:48:03','db1_test_932'),
    ('689047318372298752','db1_test_933','2022-03-17 09:48:03','db1_test_933','2022-03-17 09:48:03','db1_test_933'),
    ('689047318401658880','db1_test_934','2022-03-17 09:48:03','db1_test_934','2022-03-17 09:48:03','db1_test_934'),
    ('689047318431019008','db1_test_935','2022-03-17 09:48:03','db1_test_935','2022-03-17 09:48:03','db1_test_935'),
    ('689047318451990528','db1_test_936','2022-03-17 09:48:03','db1_test_936','2022-03-17 09:48:03','db1_test_936'),
    ('689047318472962048','db1_test_937','2022-03-17 09:48:03','db1_test_937','2022-03-17 09:48:03','db1_test_937'),
    ('689047318493933568','db1_test_938','2022-03-17 09:48:03','db1_test_938','2022-03-17 09:48:03','db1_test_938'),
    ('689047318506516480','db1_test_939','2022-03-17 09:48:03','db1_test_939','2022-03-17 09:48:03','db1_test_939'),
    ('689047318519099392','db1_test_940','2022-03-17 09:48:03','db1_test_940','2022-03-17 09:48:03','db1_test_940'),
    ('689047318527488000','db1_test_941','2022-03-17 09:48:03','db1_test_941','2022-03-17 09:48:03','db1_test_941'),
    ('689047318535876608','db1_test_942','2022-03-17 09:48:03','db1_test_942','2022-03-17 09:48:03','db1_test_942'),
    ('689047318552653824','db1_test_943','2022-03-17 09:48:03','db1_test_943','2022-03-17 09:48:03','db1_test_943'),
    ('689047318573625344','db1_test_944','2022-03-17 09:48:03','db1_test_944','2022-03-17 09:48:03','db1_test_944'),
    ('689047318586208256','db1_test_945','2022-03-17 09:48:03','db1_test_945','2022-03-17 09:48:03','db1_test_945'),
    ('689047318594596864','db1_test_946','2022-03-17 09:48:03','db1_test_946','2022-03-17 09:48:03','db1_test_946'),
    ('689047318615568384','db1_test_947','2022-03-17 09:48:03','db1_test_947','2022-03-17 09:48:03','db1_test_947'),
    ('689047318628151296','db1_test_948','2022-03-17 09:48:03','db1_test_948','2022-03-17 09:48:03','db1_test_948'),
    ('689047318640734208','db1_test_949','2022-03-17 09:48:03','db1_test_949','2022-03-17 09:48:03','db1_test_949'),
    ('689047318649122816','db1_test_950','2022-03-17 09:48:03','db1_test_950','2022-03-17 09:48:03','db1_test_950'),
    ('689047318661705728','db1_test_951','2022-03-17 09:48:03','db1_test_951','2022-03-17 09:48:03','db1_test_951'),
    ('689047318670094336','db1_test_952','2022-03-17 09:48:03','db1_test_952','2022-03-17 09:48:03','db1_test_952'),
    ('689047318682677248','db1_test_953','2022-03-17 09:48:03','db1_test_953','2022-03-17 09:48:03','db1_test_953'),
    ('689047318695260160','db1_test_954','2022-03-17 09:48:03','db1_test_954','2022-03-17 09:48:03','db1_test_954'),
    ('689047318703648768','db1_test_955','2022-03-17 09:48:03','db1_test_955','2022-03-17 09:48:03','db1_test_955'),
    ('689047318716231680','db1_test_956','2022-03-17 09:48:03','db1_test_956','2022-03-17 09:48:03','db1_test_956'),
    ('689047318724620288','db1_test_957','2022-03-17 09:48:03','db1_test_957','2022-03-17 09:48:03','db1_test_957'),
    ('689047318733008896','db1_test_958','2022-03-17 09:48:03','db1_test_958','2022-03-17 09:48:03','db1_test_958'),
    ('689047318745591808','db1_test_959','2022-03-17 09:48:03','db1_test_959','2022-03-17 09:48:03','db1_test_959'),
    ('689047318753980416','db1_test_960','2022-03-17 09:48:03','db1_test_960','2022-03-17 09:48:03','db1_test_960'),
    ('689047318766563328','db1_test_961','2022-03-17 09:48:03','db1_test_961','2022-03-17 09:48:03','db1_test_961'),
    ('689047318774951936','db1_test_962','2022-03-17 09:48:03','db1_test_962','2022-03-17 09:48:03','db1_test_962'),
    ('689047318787534848','db1_test_963','2022-03-17 09:48:03','db1_test_963','2022-03-17 09:48:03','db1_test_963'),
    ('689047318795923456','db1_test_964','2022-03-17 09:48:03','db1_test_964','2022-03-17 09:48:03','db1_test_964'),
    ('689047318808506368','db1_test_965','2022-03-17 09:48:03','db1_test_965','2022-03-17 09:48:03','db1_test_965'),
    ('689047318816894976','db1_test_966','2022-03-17 09:48:03','db1_test_966','2022-03-17 09:48:03','db1_test_966'),
    ('689047318829477888','db1_test_967','2022-03-17 09:48:03','db1_test_967','2022-03-17 09:48:03','db1_test_967'),
    ('689047318846255104','db1_test_968','2022-03-17 09:48:03','db1_test_968','2022-03-17 09:48:03','db1_test_968'),
    ('689047318863032320','db1_test_969','2022-03-17 09:48:03','db1_test_969','2022-03-17 09:48:03','db1_test_969'),
    ('689047318892392448','db1_test_970','2022-03-17 09:48:03','db1_test_970','2022-03-17 09:48:03','db1_test_970'),
    ('689047318913363968','db1_test_971','2022-03-17 09:48:03','db1_test_971','2022-03-17 09:48:03','db1_test_971'),
    ('689047318934335488','db1_test_972','2022-03-17 09:48:03','db1_test_972','2022-03-17 09:48:03','db1_test_972'),
    ('689047318955307008','db1_test_973','2022-03-17 09:48:03','db1_test_973','2022-03-17 09:48:03','db1_test_973'),
    ('689047318980472832','db1_test_974','2022-03-17 09:48:03','db1_test_974','2022-03-17 09:48:03','db1_test_974'),
    ('689047319005638656','db1_test_975','2022-03-17 09:48:03','db1_test_975','2022-03-17 09:48:03','db1_test_975'),
    ('689047319022415872','db1_test_976','2022-03-17 09:48:03','db1_test_976','2022-03-17 09:48:03','db1_test_976'),
    ('689047319051776000','db1_test_977','2022-03-17 09:48:03','db1_test_977','2022-03-17 09:48:03','db1_test_977'),
    ('689047319081136128','db1_test_978','2022-03-17 09:48:03','db1_test_978','2022-03-17 09:48:03','db1_test_978'),
    ('689047319097913344','db1_test_979','2022-03-17 09:48:03','db1_test_979','2022-03-17 09:48:03','db1_test_979'),
    ('689047319127273472','db1_test_980','2022-03-17 09:48:03','db1_test_980','2022-03-17 09:48:03','db1_test_980'),
    ('689047319152439296','db1_test_981','2022-03-17 09:48:03','db1_test_981','2022-03-17 09:48:03','db1_test_981'),
    ('689047319185993728','db1_test_982','2022-03-17 09:48:03','db1_test_982','2022-03-17 09:48:03','db1_test_982'),
    ('689047319215353856','db1_test_983','2022-03-17 09:48:03','db1_test_983','2022-03-17 09:48:03','db1_test_983'),
    ('689047319324405760','db1_test_984','2022-03-17 09:48:03','db1_test_984','2022-03-17 09:48:03','db1_test_984'),
    ('689047319349571584','db1_test_985','2022-03-17 09:48:03','db1_test_985','2022-03-17 09:48:03','db1_test_985'),
    ('689047319362154496','db1_test_986','2022-03-17 09:48:03','db1_test_986','2022-03-17 09:48:03','db1_test_986'),
    ('689047319374737408','db1_test_987','2022-03-17 09:48:03','db1_test_987','2022-03-17 09:48:03','db1_test_987'),
    ('689047319383126016','db1_test_988','2022-03-17 09:48:03','db1_test_988','2022-03-17 09:48:03','db1_test_988'),
    ('689047319395708928','db1_test_989','2022-03-17 09:48:03','db1_test_989','2022-03-17 09:48:03','db1_test_989'),
    ('689047319404097536','db1_test_990','2022-03-17 09:48:03','db1_test_990','2022-03-17 09:48:03','db1_test_990'),
    ('689047319412486144','db1_test_991','2022-03-17 09:48:03','db1_test_991','2022-03-17 09:48:03','db1_test_991'),
    ('689047319420874752','db1_test_992','2022-03-17 09:48:03','db1_test_992','2022-03-17 09:48:03','db1_test_992'),
    ('689047319433457664','db1_test_993','2022-03-17 09:48:03','db1_test_993','2022-03-17 09:48:03','db1_test_993'),
    ('689047319441846272','db1_test_994','2022-03-17 09:48:03','db1_test_994','2022-03-17 09:48:03','db1_test_994'),
    ('689047319450234880','db1_test_995','2022-03-17 09:48:03','db1_test_995','2022-03-17 09:48:03','db1_test_995'),
    ('689047319458623488','db1_test_996','2022-03-17 09:48:03','db1_test_996','2022-03-17 09:48:03','db1_test_996'),
    ('689047319471206400','db1_test_997','2022-03-17 09:48:03','db1_test_997','2022-03-17 09:48:03','db1_test_997'),
    ('689047319479595008','db1_test_998','2022-03-17 09:48:03','db1_test_998','2022-03-17 09:48:03','db1_test_998'),
    ('689047319492177920','db1_test_999','2022-03-17 09:48:03','db1_test_999','2022-03-17 09:48:03','db1_test_999'),
    ('689047319504760832','db1_test_1000','2022-03-17 09:48:03','db1_test_1000','2022-03-17 09:48:03','db1_test_1000');

/*!40000 ALTER TABLE `t_news` ENABLE KEYS */;
UNLOCK TABLES;


# 转储表 t_sys_permission
# ------------------------------------------------------------

DROP TABLE IF EXISTS `t_sys_permission`;

CREATE TABLE `t_sys_permission` (
                                    `id` varchar(32) NOT NULL COMMENT '主键',
                                    `name` varchar(255) DEFAULT NULL COMMENT '菜单名',
                                    `css_class` varchar(255) DEFAULT NULL COMMENT '菜单样式图标名',
                                    `url` varchar(255) DEFAULT NULL COMMENT '菜单相对URL',
                                    `skey` varchar(255) DEFAULT NULL COMMENT '菜单KEY',
                                    `parent_key` varchar(255) DEFAULT NULL COMMENT '父菜单KEY',
                                    `hide` int(11) DEFAULT NULL COMMENT '是否显示：1=有效，0=无效',
                                    `lev` int(11) DEFAULT NULL COMMENT '菜单级别，最多只能有3级',
                                    `sort` int(11) DEFAULT NULL COMMENT '菜单排序',
                                    PRIMARY KEY (`id`)
) ENGINE=InnoDB DEFAULT CHARSET=utf8mb4;

LOCK TABLES `t_sys_permission` WRITE;
/*!40000 ALTER TABLE `t_sys_permission` DISABLE KEYS */;

INSERT INTO `t_sys_permission` (`id`, `name`, `css_class`, `url`, `skey`, `parent_key`, `hide`, `lev`, `sort`)
VALUES
    ('689046813227102208','管理首页','fa-home','index','glsy',NULL,1,1,1),
    ('689046813352931328','站内新闻',NULL,NULL,'znxy',NULL,1,1,10),
    ('689046813378097152','新闻发布',NULL,'news/add','znxy_xwfb','znxy',1,2,11),
    ('689046813407457280','新闻列表',NULL,'news/list','znxy_xwlb','znxy',1,2,12),
    ('689046813441011712','默认数据库',NULL,'news/list','znxy_mrsjk','znxy',1,2,13),
    ('689046813466177536','数据库1',NULL,'news/list1','znxy_sjk1','znxy',1,2,14),
    ('689046813512314880','数据库2',NULL,'news/list2','znxy_sjk2','znxy',1,2,15),
    ('689046813541675008','系统配置','fa-gear','view/sysconfig/setconfig','xtpz',NULL,1,1,20),
    ('689046813566840832','电商管理','fa-desktop','view/tenant/tenant-list','dxgl',NULL,1,1,30),
    ('689046813596200960','电商配置','fa-gears','view/tenantConfig/list','dspz',NULL,1,1,40),
    ('689046813625561088','地区城市管理','fa-map-marker',NULL,'dccsgl',NULL,1,1,50),
    ('689046813654921216','添加城市',NULL,'view/city/add2','dccsgl_tjcs','dccsgl',1,2,51),
    ('689046813684281344','城市列表',NULL,'view/city/list','dccsgl_cslb','dccsgl',1,2,51),
    ('689046813730418688','账号管理','fa-user','view/user/user_list','chgl',NULL,1,1,60),
    ('689046813759778816','楼盘管理','fa-building','view/project/list','lpgl',NULL,1,1,70),
    ('689046813793333248','开通楼盘','fa-plus','view/project/openProject','lpgl_ktlp','lpgl',1,2,71),
    ('689046813847859200','楼盘审核','fa-pencil','view/project/list','lpgl_lpsh','lpgl',1,2,72),
    ('689046813885607936','楼盘管理','fa-building','view/project/manager_list','lpgl_lpgl','lpgl',1,2,73),
    ('689046813927550976','合作楼盘','fa-slideshare','view/project/edit_list','lpgl_hzlp','lpgl',1,2,74),
    ('689046813973688320','添加楼盘','fa-plus','view/project/add','lpgl_tjlp','lpgl',1,2,75),
    ('689046814019825664','基本信息','fa-file-text-o','view/project/add','lpgl_tjlp_jbxx','lpgl_tjlp',1,3,76),
    ('689046814061768704','户型管理','fa-puzzle-piece','view/project/add2','lpgl_tjlp_hxgl','lpgl_tjlp',1,3,77),
    ('689046814099517440','楼盘相册','fa-picture-o','view/project/add3','lpgl_tjlp_lpxc','lpgl_tjlp',1,3,78),
    ('689046814133071872','销控管理','fa-sort-numeric-asc','view/project/add4','lpgl_tjlp_xkgl','lpgl_tjlp',1,3,79),
    ('689046814170820608','合作信息','fa-slideshare','view/project/add5','lpgl_tjlp_hzxx','lpgl_tjlp',1,3,80),
    ('689046814195986432','产品维护','fa-share-alt','view/project/add6','lpgl_tjlp_cpwh','lpgl_tjlp',1,3,81),
    ('689046814237929472','拥金维护','fa-dollar','view/project/add7','lpgl_tjlp_rjwh','lpgl_tjlp',1,3,82),
    ('689046814279872512','楼盘动态','fa-list-alt','view/project/add8','lpgl_tjlp_lpdt','lpgl_tjlp',1,3,83),
    ('689046814313426944','优惠活动','fa-heart','view/project/add9','lpgl_tjlp_yhhd','lpgl_tjlp',1,3,84),
    ('689046814359564288','经济公司/经纪人','fa-group',NULL,'jjgsjjr',NULL,1,1,90),
    ('689046814388924416','经纪公司维护','fa-vine','view/firm/list','jjgsjjr_jjgswh','jjgsjjr',1,2,91),
    ('689046814409895936','经纪人管理','fa-group','view/agent/list','jjgsjjr_jjrgl','jjgsjjr',1,2,92),
    ('689046814435061760','经纪人实名认证','fa-newspaper-o','view/agent/list','jjgsjjr_jjrsmrz','jjgsjjr',1,2,93),
    ('689046814460227584','经纪人银行卡认证','fa-credit-card','view/agent/list','jjgsjjr_jjryhkrz','jjgsjjr',1,2,94),
    ('689046814489587712','置业顾问管理','fa-user-md',NULL,'zygwgl',NULL,1,1,100),
    ('689046814531530752','置业顾问挂靠审核','fa-stumbleupon','view/adviserProject/adviserAuditList','zygwgl_zygwgksh','zygwgl',1,2,101),
    ('689046814565085184','置业顾问管理','fa-user-md','view/adviser/list','zygwgl_zygwgl','zygwgl',1,2,102),
    ('689046814611222528','置业顾问实名认证','fa-newspaper-o','view/agent/list','zygwgl_zygwsmrz','zygwgl',1,2,103),
    ('689046814661554176','置业顾问银行卡认证','fa-credit-card','view/agent/list','zygwgl_zygwyhkrz','zygwgl',1,2,104),
    ('689046814711885824','置业顾问元宝提现','fa-database','view/agent/list','zygwgl_zygwybtx','zygwgl',1,2,105),
    ('689046814749634560','POS交易管理','fa-credit-card',NULL,'posjygl',NULL,1,1,110),
    ('689046814791577600','POS机绑定','fa-unlock-alt','view/pos/bind','posjygl_posjbd','posjygl',1,2,111),
    ('689046814833520640','POS绑定信息','fa-link','view/pos/list','posjygl_posbdxx','posjygl',1,2,112),
    ('689046814867075072','POS交易信息','fa-legal','view/pos/poslog','posjygl_posjyxx','posjygl',1,2,113),
    ('689046814909018112','数据统计','fa-pie-chart',NULL,'sjtj',NULL,1,1,120),
    ('689046814942572544','用户统计','fa-user','view/data/statIncome_data','sjtj_yhtj','sjtj',1,2,121),
    ('689046814976126976','客户统计','fa-group','view/data/statIncome_data','sjtj_khtj','sjtj',1,2,122),
    ('689046815013875712','收入统计','fa-line-chart','view/data/statIncome_data','sjtj_sytj','sjtj',1,2,123),
    ('689046815047430144','佣金统计','fa-pie-chart','view/data/statIncome_data','sjtj_yjtj','sjtj',1,2,124),
    ('689046815076790272','合同管理','fa-edit',NULL,'htgl',NULL,1,1,130),
    ('689046815101956096','添加/管理列表','fa-plus','view/agreement/list','htgl_tjgllb','htgl',1,2,131),
    ('689046815131316224','转认购','fa-mail-forward','view/agreement/rengou','htgl_zrg','htgl',1,2,132),
    ('689046815160676352','签约','fa-check-square-o','view/agreement/qianyue','htgl_qy','htgl',1,2,133),
    ('689046815185842176','合同明细/编辑','fa-edit','view/agreement/edit','htgl_htmxbj','htgl',1,2,134),
    ('689046815215202304','合同详情','fa-building-o','view/agreement/view','htgl_htxq','htgl',1,2,135),
    ('689046815244562432','总经理','fa-sitemap',NULL,'zjl',NULL,1,1,140),
    ('689046815269728256','客户统计','fa-group','view/data/statIncome_data','zjl_khtj','zjl',1,2,141),
    ('689046815294894080','收入统计','fa-line-chart','view/data/statIncome_data','zjl_sytj','zjl',1,2,143),
    ('689046815328448512','佣金统计','fa-pie-chart','view/data/statIncome_data','zjl_yjtj','zjl',1,2,144),
    ('689046815370391552','经济公司管理员','fa-sitemap',NULL,'jjgsgly',NULL,1,1,150),
    ('689046815416528896','合作','fa-slideshare','view/firm/verify','jjgsgly_hz','jjgsgly',1,2,151),
    ('689046815475249152','门店列表','fa-slideshare','view/firm/list2','jjgsgly_mdlb','jjgsgly',1,2,152),
    ('689046815584301056','账号管理','fa-slideshare','view/user/user_list','jjgsgly_zhgl','jjgsgly',1,2,153),
    ('689046815609466880','挂靠审核','fa-slideshare','view/firm/verify','jjgsgly_ghsh','jjgsgly',1,2,154),
    ('689046815634632704','对公账号','fa-slideshare','view/firm/view','jjgsgly_dgzh','jjgsgly',1,2,155),
    ('689046815663992832','经纪人列表','fa-slideshare','view/agent/list','jjgsgly_jjrlb','jjgsgly',1,2,156),
    ('689046815701741568','客户列表','fa-slideshare','view/agent/custAgent','jjgsgly_khlb','jjgsgly',1,2,157),
    ('689046815743684608','佣金信息','fa-slideshare','view/commission/agentCommission','jjgsgly_yjxx','jjgsgly',1,2,158),
    ('689046815785627648','额外佣金','fa-slideshare','view/commission/commissionExt','jjgsgly_ewyj','jjgsgly',1,2,159),
    ('689046815844347904','客户统计','fa-group','view/data/statIncome_data','jjgsgly_khtj','jjgsgly',1,2,160),
    ('689046815886290944','收入统计','fa-line-chart','view/data/statIncome_data','jjgsgly_sytj','jjgsgly',1,2,161),
    ('689046815932428288','佣金统计','fa-pie-chart','view/data/statIncome_data','jjgsgly_yjtj','jjgsgly',1,2,162),
    ('689046815978565632','门店管理员','fa-sitemap',NULL,'mdgly',NULL,1,1,170),
    ('689046816016314368','挂靠审核','fa-slideshare','view/firm/verify','mdgly_ghsh','mdgly',1,2,171),
    ('689046816041480192','经纪人列表','fa-slideshare','view/agent/list','mdgly_jjrlb','mdgly',1,2,172),
    ('689046816066646016','客户列表','fa-slideshare','view/agent/custAgent','mdgly_khlb','mdgly',1,2,173),
    ('689046816087617536','用户统计','fa-user','view/data/statIncome_data','mdgly_yhtj2','mdgly',1,2,174),
    ('689046816112783360','用户统计','fa-user','view/data/statIncome_data','mdgly_yhtj3','mdgly',1,2,175),
    ('689046816137949184','用户统计','fa-user','view/data/statIncome_data','mdgly_yhtj4','mdgly',1,2,176),
    ('689046816163115008','客户统计','fa-group','view/data/statIncome_data','mdgly_khtj','mdgly',1,2,177),
    ('689046816188280832','案场经理','fa-sitemap',NULL,'acjl',NULL,1,1,180),
    ('689046816255389696','楼盘管理',NULL,NULL,'acjl_lpgl','acjl',1,2,181),
    ('689046816314109952','楼盘列表',NULL,'view/project/list','acjl_lpgl_lpgl','acjl_lpgl',1,3,182),
    ('689046816368635904','编辑添加',NULL,'view/project/add','acjl_lpgl_bjtj','acjl_lpgl',1,3,183),
    ('689046816423161856','置业顾问挂靠审核','fa-stumbleupon','view/adviserProject/adviserAuditList','acjl_zygwgksh','acjl',1,2,184),
    ('689046816473493504','置业顾问管理','fa-user-md','view/adviser/list','acjl_zygwgl','acjl',1,2,185),
    ('689046816528019456','客户审核',NULL,'view/custintent/custAuditList','acjl_khsh','acjl',1,2,186),
    ('689046816578351104','项目总监',NULL,NULL,'xmzj',NULL,1,1,190),
    ('689046816620294144','客户统计','fa-group','view/data/statIncome_data','xmzj_khtj','xmzj',1,2,191),
    ('689046816658042880','收入统计','fa-line-chart','view/data/statIncome_data','xmzj_sytj','xmzj',1,2,192),
    ('689046816712568832','佣金统计','fa-pie-chart','view/data/statIncome_data','xmzj_yjtj','xmzj',1,2,193),
    ('689046816783872000','项目经理','fa-sitemap',NULL,'xmjl',NULL,1,1,200),
    ('689046816846786560','开通楼盘','fa-plus','view/project/openProject','xmjl_ktlp','xmjl',1,2,201),
    ('689046816905506816','账号管理','fa-slideshare','view/user/user_list','xmjl_zhgl','xmjl',1,2,202),
    ('689046816951644160','佣金审核',NULL,'view/commission/list','xmjl_yjsh','xmjl',1,2,203),
    ('689046817018753024','开发商补贴',NULL,'view/devpSubsidy/list','xmjl_kfsbt','xmjl',1,2,204),
    ('689046817077473280','推送管理',NULL,'view/push/list','xmjl_tsgl','xmjl',1,2,205),
    ('689046817136193536','客户统计','fa-group','view/data/statIncome_data','xmjl_khtj','xmjl',1,2,206),
    ('689046817228468224','收入统计','fa-line-chart','view/data/statIncome_data','xmjl_sytj','xmjl',1,2,207),
    ('689046817287188480','佣金统计','fa-pie-chart','view/data/statIncome_data','xmjl_yjtj','xmjl',1,2,208),
    ('689046817329131520','项目助理','fa-sitemap',NULL,'xmzl',NULL,1,1,210),
    ('689046817366880256','确认到访',NULL,'view/code/code','xmzl_qrdf','xmzl',1,2,211),
    ('689046817413017600','发送语音验证码',NULL,'view/code/telcode','xmzl_fsyyyzm','xmzl',1,2,212),
    ('689046817442377728','POS机绑定','fa-unlock-alt','view/pos/bind','xmzl_posjbd','xmzl',1,2,213),
    ('689046817492709376','POS交易记录','fa-link','view/pos/list','xmzl_posbdxx','xmzl',1,2,214),
    ('689046817555623936','客户意向查询',NULL,'view/custintent/custAuditList','xmzl_khyxqx','xmzl',1,2,215),
    ('689046817610149888','合同管理',NULL,'view/agreement/list','xmzl_htgl','xmzl',1,2,216),
    ('689046817656287232','运营专员','fa-sitemap',NULL,'yyzy',NULL,1,1,220),
    ('689046817681453056','签到规则配置',NULL,'view/sysconfig/signin','yyzy_qdgzpz','yyzy',1,2,221),
    ('689046817710813184','楼盘管理','fa-building','view/project/manager_list','yyzy_lpgl','yyzy',1,2,222),
    ('689046817731784704','城市管理',NULL,'view/city/add2','yyzy_tjcs','yyzy',1,2,223),
    ('689046817756950528','账号管理','fa-slideshare','view/user/user_list','yyzy_zhgl','yyzy',1,2,224),
    ('689046817782116352','推送管理',NULL,'view/push/list','yyzy_tsgl','yyzy',1,2,225),
    ('689046817803087872','广告位管理',NULL,'view/adv/list','yyzy_ggwgl','yyzy',1,2,226),
    ('689046817824059392','客户意向查询',NULL,'view/custintent/custAuditList','yyzy_khyxqx','yyzy',1,2,227),
    ('689046817849225216','POS机绑定','fa-unlock-alt','view/pos/bind','yyzy_posjbd','yyzy',1,2,228),
    ('689046817870196736','POS交易记录','fa-link','view/pos/list','yyzy_posjyjl','yyzy',1,2,229),
    ('689046817891168256','签约经纪公司',NULL,'view/pos/list','yyzy_qyjjgs','yyzy',1,2,230),
    ('689046817937305600','经纪人管理','fa-group','view/agent/list','yyzy_jjrgl','yyzy',1,2,231),
    ('689046817987637248','用户统计','fa-user','view/data/statIncome_data','yyzy_yhtj','yyzy',1,2,232),
    ('689046818033774592','客户统计','fa-group','view/data/statIncome_data','yyzy_khtj','yyzy',1,2,233),
    ('689046818079911936','收入统计','fa-line-chart','view/data/statIncome_data','yyzy_sytj','yyzy',1,2,234),
    ('689046818134437888','佣金统计','fa-pie-chart','view/data/statIncome_data','yyzy_yjtj','yyzy',1,2,235),
    ('689046818180575232','佣金专员','fa-sitemap',NULL,'yjzy',NULL,1,1,240),
    ('689046818214129664','佣金规则审核',NULL,'view/commission/auditList','yjzy_yjgzsh','yjzy',1,2,241),
    ('689046818264461312','经纪人实名认证','fa-newspaper-o','view/agent/list','yjzy_jjrsmrz','yjzy',1,2,242),
    ('689046818318987264','经纪人银行卡认证','fa-credit-card','view/agent/list','yjzy_jjryhkrz','yjzy',1,2,243),
    ('689046818348347392','经纪人元宝提现','fa-credit-card','view/agent/grain','yjzy_jjrybtx','yjzy',1,2,244),
    ('689046818381901824','置业顾问实名认证','fa-newspaper-o','view/agent/list','yjzy_zygwsmrz','yjzy',1,2,245),
    ('689046818423844864','置业顾问银行卡认证','fa-credit-card','view/agent/list','yjzy_zygwyhkrz','yjzy',1,2,246),
    ('689046818465787904','置业顾问元宝提现','fa-database','view/agent/list','yjzy_zygwybtx','yjzy',1,2,247),
    ('689046818507730944','对公账号审核','fa-database','view/firm/account','yjzy_dgzhsh','yjzy',1,2,248),
    ('689046818553868288','退款审核',NULL,'view/refund/list','yjzy_tksh','yjzy',1,2,249),
    ('689046818608394240','佣金审核',NULL,'view/commission/list','yjzy_yjsh','yjzy',1,2,250),
    ('689046818646142976','合同管理',NULL,'view/agreement/list','yjzy_htgl','yjzy',1,2,251),
    ('689046818679697408','额外佣金审核',NULL,'view/commission/Ext','yjzy_ewyjsh','yjzy',1,2,252),
    ('689046818709057536','出纳专员','fa-sitemap',NULL,'cnzy',NULL,1,1,260),
    ('689046818746806272','经纪人元宝提现','fa-credit-card','view/agent/grain','cnzy_jjrybtx','cnzy',1,2,261),
    ('689046818792943616','置业顾问元宝提现','fa-database','view/agent/list','cnzy_zygwybtx','cnzy',1,2,262),
    ('689046818843275264','退款审核',NULL,'view/refund/list','cnzy_tksh','cnzy',1,2,263),
    ('689046818897801216','佣金审核',NULL,'view/commission/list','cnzy_yjsh','cnzy',1,2,264),
    ('689046818964910080','额外佣金审核',NULL,'view/commission/Ext','cnzy_ewyjsh','cnzy',1,2,265),
    ('689046818998464512','财务专员',NULL,NULL,'cwzy',NULL,1,1,270),
    ('689046819032018944','经纪人元宝提现','fa-credit-card','view/agent/grain','cwzy_jjrybtx','cwzy',1,2,271),
    ('689046819069767680','置业顾问元宝提现','fa-database','view/agent/list','cwzy_zygwybtx','cwzy',1,2,272),
    ('689046819107516416','开发商补贴确认',NULL,'view/devpSubsidy/list2','cwzy_kfsbt','cwzy',1,2,273),
    ('689046819145265152','退款审核',NULL,'view/refund/list','cwzy_tksh','cwzy',1,2,274),
    ('689046819191402496','佣金审核',NULL,'view/commission/list','cwzy_yjsh','cwzy',1,2,275),
    ('689046819241734144','POS交易记录','fa-link','view/pos/list','cwzy_posbdxx','cwzy',1,2,276),
    ('689046819279482880','额外佣金审核',NULL,'view/commission/Ext','cwzy_ewyjsh','cwzy',1,2,277),
    ('689046819308843008','经纪服务专员测试','fa-sitemap',NULL,'jjfwzycs',NULL,1,1,280),
    ('689046819325620224','经纪公司维护',NULL,'view/firm/list2','jjfwzycs_jjgswh','jjfwzycs',1,2,281),
    ('689046819350786048','客服专员','fa-sitemap',NULL,'kfzy',NULL,1,1,290),
    ('689046819367563264','客户意向审核','fa-sitemap','view/custintent/custSupport','kfzy_khyxsh','kfzy',1,2,291);

/*!40000 ALTER TABLE `t_sys_permission` ENABLE KEYS */;
UNLOCK TABLES;


# 转储表 t_sys_role
# ------------------------------------------------------------

DROP TABLE IF EXISTS `t_sys_role`;

CREATE TABLE `t_sys_role` (
                              `id` varchar(32) NOT NULL COMMENT '主键',
                              `name` varchar(255) DEFAULT NULL COMMENT '角色名',
                              `code` varchar(255) DEFAULT NULL COMMENT '角色编码',
                              `remark` varchar(255) DEFAULT NULL COMMENT '备注',
                              PRIMARY KEY (`id`)
) ENGINE=InnoDB DEFAULT CHARSET=utf8mb4;

LOCK TABLES `t_sys_role` WRITE;
/*!40000 ALTER TABLE `t_sys_role` DISABLE KEYS */;

INSERT INTO `t_sys_role` (`id`, `name`, `code`, `remark`)
VALUES
    ('689046813118050304','ADMIN_ROLE','admin_role','超级管理员'),
    ('689046813180964864','COMMON_ROLE','common_role','普通用户');

/*!40000 ALTER TABLE `t_sys_role` ENABLE KEYS */;
UNLOCK TABLES;


# 转储表 t_sys_role_permission
# ------------------------------------------------------------

DROP TABLE IF EXISTS `t_sys_role_permission`;

CREATE TABLE `t_sys_role_permission` (
                                         `id` varchar(32) NOT NULL COMMENT '主键',
                                         `permission_id` varchar(255) DEFAULT NULL COMMENT '菜单表主键',
                                         `role_id` varchar(255) DEFAULT NULL COMMENT '角色表主键',
                                         PRIMARY KEY (`id`)
) ENGINE=InnoDB DEFAULT CHARSET=utf8mb4;

LOCK TABLES `t_sys_role_permission` WRITE;
/*!40000 ALTER TABLE `t_sys_role_permission` DISABLE KEYS */;

INSERT INTO `t_sys_role_permission` (`id`, `permission_id`, `role_id`)
VALUES
    ('689046819669553152','689046813227102208','689046813118050304'),
    ('689046819740856320','689046813227102208','689046813180964864'),
    ('689046819803770880','689046813352931328','689046813118050304'),
    ('689046819896045568','689046813352931328','689046813180964864'),
    ('689046819979931648','689046813378097152','689046813118050304'),
    ('689046820055429120','689046813378097152','689046813180964864'),
    ('689046820139315200','689046813407457280','689046813118050304'),
    ('689046820185452544','689046813407457280','689046813180964864'),
    ('689046820235784192','689046813441011712','689046813118050304'),
    ('689046820290310144','689046813441011712','689046813180964864'),
    ('689046820328058880','689046813466177536','689046813118050304'),
    ('689046820374196224','689046813466177536','689046813180964864'),
    ('689046820411944960','689046813512314880','689046813118050304'),
    ('689046820495831040','689046813512314880','689046813180964864'),
    ('689046820592300032','689046813541675008','689046813118050304'),
    ('689046820705546240','689046813541675008','689046813180964864'),
    ('689046820785238016','689046813566840832','689046813118050304'),
    ('689046820864929792','689046813566840832','689046813180964864'),
    ('689046820948815872','689046813596200960','689046813118050304'),
    ('689046821024313344','689046813596200960','689046813180964864'),
    ('689046821057867776','689046813625561088','689046813118050304'),
    ('689046821091422208','689046813625561088','689046813180964864'),
    ('689046821120782336','689046813654921216','689046813118050304'),
    ('689046821154336768','689046813654921216','689046813180964864'),
    ('689046821183696896','689046813684281344','689046813118050304'),
    ('689046821213057024','689046813684281344','689046813180964864'),
    ('689046821263388672','689046813730418688','689046813118050304'),
    ('689046821313720320','689046813730418688','689046813180964864'),
    ('689046821410189312','689046813759778816','689046813118050304'),
    ('689046821481492480','689046813759778816','689046813180964864'),
    ('689046821577961472','689046813793333248','689046813118050304'),
    ('689046821640876032','689046813793333248','689046813180964864'),
    ('689046821728956416','689046813847859200','689046813118050304'),
    ('689046821812842496','689046813847859200','689046813180964864'),
    ('689046821871562752','689046813885607936','689046813118050304'),
    ('689046821905117184','689046813885607936','689046813180964864'),
    ('689046821938671616','689046813927550976','689046813118050304'),
    ('689046821968031744','689046813927550976','689046813180964864'),
    ('689046821997391872','689046813973688320','689046813118050304'),
    ('689046822026752000','689046813973688320','689046813180964864'),
    ('689046822056112128','689046814019825664','689046813118050304'),
    ('689046822093860864','689046814019825664','689046813180964864'),
    ('689046822127415296','689046814061768704','689046813118050304'),
    ('689046822202912768','689046814061768704','689046813180964864'),
    ('689046822270021632','689046814099517440','689046813118050304'),
    ('689046822332936192','689046814099517440','689046813180964864'),
    ('689046822408433664','689046814133071872','689046813118050304'),
    ('689046822504902656','689046814133071872','689046813180964864'),
    ('689046822542651392','689046814170820608','689046813118050304'),
    ('689046822597177344','689046814170820608','689046813180964864'),
    ('689046822672674816','689046814195986432','689046813118050304'),
    ('689046822739783680','689046814195986432','689046813180964864'),
    ('689046822785921024','689046814237929472','689046813118050304'),
    ('689046822815281152','689046814237929472','689046813180964864'),
    ('689046822853029888','689046814279872512','689046813118050304'),
    ('689046822886584320','689046814279872512','689046813180964864'),
    ('689046822936915968','689046814313426944','689046813118050304'),
    ('689046822978859008','689046814313426944','689046813180964864'),
    ('689046823054356480','689046814359564288','689046813118050304'),
    ('689046823146631168','689046814359564288','689046813180964864'),
    ('689046823234711552','689046814388924416','689046813118050304'),
    ('689046823301820416','689046814388924416','689046813180964864'),
    ('689046823352152064','689046814409895936','689046813118050304'),
    ('689046823440232448','689046814409895936','689046813180964864'),
    ('689046823515729920','689046814435061760','689046813118050304'),
    ('689046823545090048','689046814435061760','689046813180964864'),
    ('689046823570255872','689046814460227584','689046813118050304'),
    ('689046823595421696','689046814460227584','689046813180964864'),
    ('689046823624781824','689046814489587712','689046813118050304'),
    ('689046823649947648','689046814489587712','689046813180964864'),
    ('689046823670919168','689046814531530752','689046813118050304'),
    ('689046823696084992','689046814531530752','689046813180964864'),
    ('689046823721250816','689046814565085184','689046813118050304'),
    ('689046823750610944','689046814565085184','689046813180964864'),
    ('689046823775776768','689046814611222528','689046813118050304'),
    ('689046823805136896','689046814611222528','689046813180964864'),
    ('689046823838691328','689046814661554176','689046813118050304'),
    ('689046823872245760','689046814661554176','689046813180964864'),
    ('689046823943548928','689046814711885824','689046813118050304'),
    ('689046824031629312','689046814711885824','689046813180964864'),
    ('689046824115515392','689046814749634560','689046813118050304'),
    ('689046824170041344','689046814749634560','689046813180964864'),
    ('689046824241344512','689046814791577600','689046813118050304'),
    ('689046824304259072','689046814791577600','689046813180964864'),
    ('689046824367173632','689046814833520640','689046813118050304'),
    ('689046824417505280','689046814833520640','689046813180964864'),
    ('689046824484614144','689046814867075072','689046813118050304'),
    ('689046824522362880','689046814867075072','689046813180964864'),
    ('689046824551723008','689046814909018112','689046813118050304'),
    ('689046824576888832','689046814909018112','689046813180964864'),
    ('689046824602054656','689046814942572544','689046813118050304'),
    ('689046824623026176','689046814942572544','689046813180964864'),
    ('689046824652386304','689046814976126976','689046813118050304'),
    ('689046824681746432','689046814976126976','689046813180964864'),
    ('689046824719495168','689046815013875712','689046813118050304'),
    ('689046824774021120','689046815013875712','689046813180964864'),
    ('689046824845324288','689046815047430144','689046813118050304'),
    ('689046824908238848','689046815047430144','689046813180964864'),
    ('689046824971153408','689046815076790272','689046813118050304'),
    ('689046825017290752','689046815076790272','689046813180964864'),
    ('689046825092788224','689046815101956096','689046813118050304'),
    ('689046825151508480','689046815101956096','689046813180964864'),
    ('689046825210228736','689046815131316224','689046813118050304'),
    ('689046825239588864','689046815131316224','689046813180964864'),
    ('689046825260560384','689046815160676352','689046813118050304'),
    ('689046825281531904','689046815160676352','689046813180964864'),
    ('689046825306697728','689046815185842176','689046813118050304'),
    ('689046825327669248','689046815185842176','689046813180964864'),
    ('689046825352835072','689046815215202304','689046813118050304'),
    ('689046825373806592','689046815215202304','689046813180964864'),
    ('689046825394778112','689046815244562432','689046813118050304'),
    ('689046825415749632','689046815244562432','689046813180964864'),
    ('689046825440915456','689046815269728256','689046813118050304'),
    ('689046825461886976','689046815269728256','689046813180964864'),
    ('689046825482858496','689046815294894080','689046813118050304'),
    ('689046825508024320','689046815294894080','689046813180964864'),
    ('689046825533190144','689046815328448512','689046813118050304'),
    ('689046825570938880','689046815328448512','689046813180964864'),
    ('689046825646436352','689046815370391552','689046813118050304'),
    ('689046825713545216','689046815370391552','689046813180964864'),
    ('689046825789042688','689046815416528896','689046813118050304'),
    ('689046825851957248','689046815416528896','689046813180964864'),
    ('689046825898094592','689046815475249152','689046813118050304'),
    ('689046825944231936','689046815475249152','689046813180964864'),
    ('689046825998757888','689046815584301056','689046813118050304'),
    ('689046826049089536','689046815584301056','689046813180964864'),
    ('689046826086838272','689046815609466880','689046813118050304'),
    ('689046826116198400','689046815609466880','689046813180964864'),
    ('689046826153947136','689046815634632704','689046813118050304'),
    ('689046826174918656','689046815634632704','689046813180964864'),
    ('689046826216861696','689046815663992832','689046813118050304'),
    ('689046826242027520','689046815663992832','689046813180964864'),
    ('689046826267193344','689046815701741568','689046813118050304'),
    ('689046826292359168','689046815701741568','689046813180964864'),
    ('689046826313330688','689046815743684608','689046813118050304'),
    ('689046826338496512','689046815743684608','689046813180964864'),
    ('689046826367856640','689046815785627648','689046813118050304'),
    ('689046826401411072','689046815785627648','689046813180964864'),
    ('689046826451742720','689046815844347904','689046813118050304'),
    ('689046826523045888','689046815844347904','689046813180964864'),
    ('689046826590154752','689046815886290944','689046813118050304'),
    ('689046826661457920','689046815886290944','689046813180964864'),
    ('689046826695012352','689046815932428288','689046813118050304'),
    ('689046826774704128','689046815932428288','689046813180964864'),
    ('689046826846007296','689046815978565632','689046813118050304'),
    ('689046826900533248','689046815978565632','689046813180964864'),
    ('689046826929893376','689046816016314368','689046813118050304'),
    ('689046826959253504','689046816016314368','689046813180964864'),
    ('689046826984419328','689046816041480192','689046813118050304'),
    ('689046827005390848','689046816041480192','689046813180964864'),
    ('689046827030556672','689046816066646016','689046813118050304'),
    ('689046827055722496','689046816066646016','689046813180964864'),
    ('689046827080888320','689046816087617536','689046813118050304'),
    ('689046827101859840','689046816087617536','689046813180964864'),
    ('689046827131219968','689046816112783360','689046813118050304'),
    ('689046827152191488','689046816112783360','689046813180964864'),
    ('689046827177357312','689046816137949184','689046813118050304'),
    ('689046827202523136','689046816137949184','689046813180964864'),
    ('689046827231883264','689046816163115008','689046813118050304'),
    ('689046827282214912','689046816163115008','689046813180964864'),
    ('689046827340935168','689046816188280832','689046813118050304'),
    ('689046827403849728','689046816188280832','689046813180964864'),
    ('689046827458375680','689046816255389696','689046813118050304'),
    ('689046827504513024','689046816255389696','689046813180964864'),
    ('689046827550650368','689046816314109952','689046813118050304'),
    ('689046827617759232','689046816314109952','689046813180964864'),
    ('689046827684868096','689046816368635904','689046813118050304'),
    ('689046827743588352','689046816368635904','689046813180964864'),
    ('689046827781337088','689046816423161856','689046813118050304'),
    ('689046827810697216','689046816423161856','689046813180964864'),
    ('689046827848445952','689046816473493504','689046813118050304'),
    ('689046827873611776','689046816473493504','689046813180964864'),
    ('689046827907166208','689046816528019456','689046813118050304'),
    ('689046827928137728','689046816528019456','689046813180964864'),
    ('689046827953303552','689046816578351104','689046813118050304'),
    ('689046827978469376','689046816578351104','689046813180964864'),
    ('689046828003635200','689046816620294144','689046813118050304'),
    ('689046828028801024','689046816620294144','689046813180964864'),
    ('689046828058161152','689046816658042880','689046813118050304'),
    ('689046828087521280','689046816658042880','689046813180964864'),
    ('689046828137852928','689046816712568832','689046813118050304'),
    ('689046828179795968','689046816712568832','689046813180964864'),
    ('689046828255293440','689046816783872000','689046813118050304'),
    ('689046828330790912','689046816783872000','689046813180964864'),
    ('689046828393705472','689046816846786560','689046813118050304'),
    ('689046828460814336','689046816846786560','689046813180964864'),
    ('689046828523728896','689046816905506816','689046813118050304'),
    ('689046828574060544','689046816905506816','689046813180964864'),
    ('689046828611809280','689046816951644160','689046813118050304'),
    ('689046828653752320','689046816951644160','689046813180964864'),
    ('689046828683112448','689046817018753024','689046813118050304'),
    ('689046828708278272','689046817018753024','689046813180964864'),
    ('689046828746027008','689046817077473280','689046813118050304'),
    ('689046828766998528','689046817077473280','689046813180964864'),
    ('689046828787970048','689046817136193536','689046813118050304'),
    ('689046828808941568','689046817136193536','689046813180964864'),
    ('689046828829913088','689046817228468224','689046813118050304'),
    ('689046828850884608','689046817228468224','689046813180964864'),
    ('689046828871856128','689046817287188480','689046813118050304'),
    ('689046828897021952','689046817287188480','689046813180964864'),
    ('689046828922187776','689046817329131520','689046813118050304'),
    ('689046828976713728','689046817329131520','689046813180964864'),
    ('689046829031239680','689046817366880256','689046813118050304'),
    ('689046829098348544','689046817366880256','689046813180964864'),
    ('689046829161263104','689046817413017600','689046813118050304'),
    ('689046829215789056','689046817413017600','689046813180964864'),
    ('689046829270315008','689046817442377728','689046813118050304'),
    ('689046829324840960','689046817442377728','689046813180964864'),
    ('689046829379366912','689046817492709376','689046813118050304'),
    ('689046829433892864','689046817492709376','689046813180964864'),
    ('689046829467447296','689046817555623936','689046813118050304'),
    ('689046829509390336','689046817555623936','689046813180964864'),
    ('689046829534556160','689046817610149888','689046813118050304'),
    ('689046829559721984','689046817610149888','689046813180964864'),
    ('689046829593276416','689046817656287232','689046813118050304'),
    ('689046829618442240','689046817656287232','689046813180964864'),
    ('689046829639413760','689046817681453056','689046813118050304'),
    ('689046829668773888','689046817681453056','689046813180964864'),
    ('689046829689745408','689046817710813184','689046813118050304'),
    ('689046829714911232','689046817710813184','689046813180964864'),
    ('689046829740077056','689046817731784704','689046813118050304'),
    ('689046829769437184','689046817731784704','689046813180964864'),
    ('689046829819768832','689046817756950528','689046813118050304'),
    ('689046829874294784','689046817756950528','689046813180964864'),
    ('689046829945597952','689046817782116352','689046813118050304'),
    ('689046830012706816','689046817782116352','689046813180964864'),
    ('689046830054649856','689046817803087872','689046813118050304'),
    ('689046830109175808','689046817803087872','689046813180964864'),
    ('689046830159507456','689046817824059392','689046813118050304'),
    ('689046830209839104','689046817824059392','689046813180964864'),
    ('689046830264365056','689046817849225216','689046813118050304'),
    ('689046830306308096','689046817849225216','689046813180964864'),
    ('689046830331473920','689046817870196736','689046813118050304'),
    ('689046830352445440','689046817870196736','689046813180964864'),
    ('689046830373416960','689046817891168256','689046813118050304'),
    ('689046830394388480','689046817891168256','689046813180964864'),
    ('689046830419554304','689046817937305600','689046813118050304'),
    ('689046830440525824','689046817937305600','689046813180964864'),
    ('689046830465691648','689046817987637248','689046813118050304'),
    ('689046830499246080','689046817987637248','689046813180964864'),
    ('689046830524411904','689046818033774592','689046813118050304'),
    ('689046830553772032','689046818033774592','689046813180964864'),
    ('689046830578937856','689046818079911936','689046813118050304'),
    ('689046830616686592','689046818079911936','689046813180964864'),
    ('689046830675406848','689046818134437888','689046813118050304'),
    ('689046830729932800','689046818134437888','689046813180964864'),
    ('689046830767681536','689046818180575232','689046813118050304'),
    ('689046830838984704','689046818180575232','689046813180964864'),
    ('689046830906093568','689046818214129664','689046813118050304'),
    ('689046830973202432','689046818214129664','689046813180964864'),
    ('689046831019339776','689046818264461312','689046813118050304'),
    ('689046831048699904','689046818264461312','689046813180964864'),
    ('689046831103225856','689046818318987264','689046813118050304'),
    ('689046831161946112','689046818318987264','689046813180964864'),
    ('689046831191306240','689046818348347392','689046813118050304'),
    ('689046831229054976','689046818348347392','689046813180964864'),
    ('689046831275192320','689046818381901824','689046813118050304'),
    ('689046831304552448','689046818381901824','689046813180964864'),
    ('689046831338106880','689046818423844864','689046813118050304'),
    ('689046831359078400','689046818423844864','689046813180964864'),
    ('689046831384244224','689046818465787904','689046813118050304'),
    ('689046831417798656','689046818465787904','689046813180964864'),
    ('689046831455547392','689046818507730944','689046813118050304'),
    ('689046831493296128','689046818507730944','689046813180964864'),
    ('689046831543627776','689046818553868288','689046813118050304'),
    ('689046831585570816','689046818553868288','689046813180964864'),
    ('689046831635902464','689046818608394240','689046813118050304'),
    ('689046831690428416','689046818608394240','689046813180964864'),
    ('689046831728177152','689046818646142976','689046813118050304'),
    ('689046831761731584','689046818646142976','689046813180964864'),
    ('689046831820451840','689046818679697408','689046813118050304'),
    ('689046831883366400','689046818679697408','689046813180964864'),
    ('689046831933698048','689046818709057536','689046813118050304'),
    ('689046831992418304','689046818709057536','689046813180964864'),
    ('689046832017584128','689046818746806272','689046813118050304'),
    ('689046832042749952','689046818746806272','689046813180964864'),
    ('689046832076304384','689046818792943616','689046813118050304'),
    ('689046832105664512','689046818792943616','689046813180964864'),
    ('689046832135024640','689046818843275264','689046813118050304'),
    ('689046832164384768','689046818843275264','689046813180964864'),
    ('689046832193744896','689046818897801216','689046813118050304'),
    ('689046832223105024','689046818897801216','689046813180964864'),
    ('689046832252465152','689046818964910080','689046813118050304'),
    ('689046832277630976','689046818964910080','689046813180964864'),
    ('689046832302796800','689046818998464512','689046813118050304'),
    ('689046832357322752','689046818998464512','689046813180964864'),
    ('689046832416043008','689046819032018944','689046813118050304'),
    ('689046832478957568','689046819032018944','689046813180964864'),
    ('689046832541872128','689046819069767680','689046813118050304'),
    ('689046832608980992','689046819069767680','689046813180964864'),
    ('689046832667701248','689046819107516416','689046813118050304'),
    ('689046832713838592','689046819107516416','689046813180964864'),
    ('689046832772558848','689046819145265152','689046813118050304'),
    ('689046832818696192','689046819145265152','689046813180964864'),
    ('689046832843862016','689046819191402496','689046813118050304'),
    ('689046832873222144','689046819191402496','689046813180964864'),
    ('689046832936136704','689046819241734144','689046813118050304'),
    ('689046832965496832','689046819241734144','689046813180964864'),
    ('689046832994856960','689046819279482880','689046813118050304'),
    ('689046833024217088','689046819279482880','689046813180964864'),
    ('689046833057771520','689046819308843008','689046813118050304'),
    ('689046833087131648','689046819308843008','689046813180964864'),
    ('689046833116491776','689046819325620224','689046813118050304'),
    ('689046833150046208','689046819325620224','689046813180964864'),
    ('689046833200377856','689046819350786048','689046813118050304'),
    ('689046833259098112','689046819350786048','689046813180964864'),
    ('689046833326206976','689046819367563264','689046813118050304'),
    ('689046833389121536','689046819367563264','689046813180964864');

/*!40000 ALTER TABLE `t_sys_role_permission` ENABLE KEYS */;
UNLOCK TABLES;


# 转储表 t_sys_user
# ------------------------------------------------------------

DROP TABLE IF EXISTS `t_sys_user`;

CREATE TABLE `t_sys_user` (
                              `id` varchar(32) NOT NULL COMMENT '主键',
                              `username` varchar(255) DEFAULT NULL COMMENT '登录账号',
                              `password` varchar(255) DEFAULT NULL COMMENT '登录密码',
                              `salt` varchar(255) DEFAULT NULL COMMENT 'salt',
                              `true_name` varchar(255) DEFAULT NULL COMMENT '真实姓名',
                              `email` varchar(255) DEFAULT NULL COMMENT '邮箱',
                              `organize_id` varchar(255) DEFAULT NULL COMMENT '部门ID',
                              `status` int(11) DEFAULT NULL COMMENT '状态：0=有效，1=无效',
                              `last_login_time` datetime DEFAULT NULL COMMENT '上将登录时间',
                              `create_time` datetime DEFAULT NULL COMMENT '创建时间',
                              `modify_time` datetime DEFAULT NULL COMMENT '更新时间',
                              PRIMARY KEY (`id`)
) ENGINE=InnoDB DEFAULT CHARSET=utf8mb4;

LOCK TABLES `t_sys_user` WRITE;
/*!40000 ALTER TABLE `t_sys_user` DISABLE KEYS */;

INSERT INTO `t_sys_user` (`id`, `username`, `password`, `salt`, `true_name`, `email`, `organize_id`, `status`, `last_login_time`, `create_time`, `modify_time`)
VALUES
    ('689046819489198080','admin','305a9ad8775117d4d918b469d543b0ef1bfa3108','0f9a69fb2f3a053d','管理员','infowangxin@163.com','689046813118050304',1,NULL,'2022-03-17 09:46:04',NULL),
    ('689046819552112640','nutcracker','012cd27778c19379f5671fb9ed23732366a66ea3','4ff751adb1677405','胡桃夹子','infowangxin@139.com','689046813180964864',1,NULL,'2022-03-17 09:46:04',NULL);

/*!40000 ALTER TABLE `t_sys_user` ENABLE KEYS */;
UNLOCK TABLES;


# 转储表 t_sys_user_role
# ------------------------------------------------------------

DROP TABLE IF EXISTS `t_sys_user_role`;

CREATE TABLE `t_sys_user_role` (
                                   `id` varchar(32) NOT NULL COMMENT '主键',
                                   `role_id` varchar(255) DEFAULT NULL COMMENT '角色表主键',
                                   `user_id` varchar(255) DEFAULT NULL COMMENT '用户表主键',
                                   PRIMARY KEY (`id`)
) ENGINE=InnoDB DEFAULT CHARSET=utf8mb4;

LOCK TABLES `t_sys_user_role` WRITE;
/*!40000 ALTER TABLE `t_sys_user_role` DISABLE KEYS */;

INSERT INTO `t_sys_user_role` (`id`, `role_id`, `user_id`)
VALUES
    ('689046819518558208','689046813118050304','689046819489198080'),
    ('689046819568889856','689046813180964864','689046819552112640');

/*!40000 ALTER TABLE `t_sys_user_role` ENABLE KEYS */;
UNLOCK TABLES;



/*!40111 SET SQL_NOTES=@OLD_SQL_NOTES */;
/*!40101 SET SQL_MODE=@OLD_SQL_MODE */;
/*!40014 SET FOREIGN_KEY_CHECKS=@OLD_FOREIGN_KEY_CHECKS */;
/*!40101 SET CHARACTER_SET_CLIENT=@OLD_CHARACTER_SET_CLIENT */;
/*!40101 SET CHARACTER_SET_RESULTS=@OLD_CHARACTER_SET_RESULTS */;
/*!40101 SET COLLATION_CONNECTION=@OLD_COLLATION_CONNECTION */;
